{"stats":{"minecraft:custom":{"minecraft:jump":33,"minecraft:open_chest":1,"minecraft:time_since_rest":59429,"minecraft:damage_dealt":406,"minecraft:leave_game":5,"minecraft:play_time":59429,"minecraft:sprint_one_cm":16363,"minecraft:time_since_death":59429,"minecraft:walk_on_water_one_cm":385,"minecraft:walk_one_cm":7583,"minecraft:sneak_time":1225,"minecraft:total_world_time":59429,"minecraft:climb_one_cm":892,"minecraft:walk_under_water_one_cm":4657,"minecraft:talked_to_villager":1,"minecraft:fly_one_cm":561886},"minecraft:used":{"minecraft:ender_eye":16,"born_in_chaos_v1:zombie_fisherman_spawn_egg":1,"born_in_chaos_v1:zombie_lumberjack_spawn_egg":1,"born_in_chaos_v1:zombie_bruiser_spawn_egg":1}},"DataVersion":3120}