{"stats":{"minecraft:dropped":{"minecraft:emerald":20,"minecraft:dirt":2,"minecraft:gray_concrete":2,"minecraft:dark_oak_wood":2,"minecraft:bone":2,"minecraft:gravel":5,"onlyhammersandexcavators:stone_hammer":5,"minecraft:cobbled_deepslate":3070,"minecraft:beetroot":3,"born_in_chaos_v1:corpse_maggot":2,"minecraft:oak_slab":5,"minecraft:wheat_seeds":1,"minecraft:cobblestone":396,"minecraft:diorite":177,"minecraft:torch":84,"minecraft:smooth_stone":3,"minecraft:bucket":3,"minecraft:tuff":59,"minecraft:flint_and_steel":1,"minecraft:andesite":12,"minecraft:stone_pickaxe":6},"minecraft:killed_by":{"minecraft:creeper":1,"endofherobrine:sheep":1,"sanitydim:rotting_stalker":1,"mimicer:mimicer":2,"sanitydim:sneaking_terror":1,"kim_dweller:kim_dweller":1,"minecraft:player":2,"creeping_x:creeping_x":2,"endofherobrine:lurker":1,"goat_man:goat_man":3},"minecraft:custom":{"minecraft:interact_with_crafting_table":41,"minecraft:open_barrel":1,"minecraft:leave_game":28,"minecraft:time_since_death":38868,"minecraft:damage_resisted":39790,"minecraft:sprint_one_cm":980883,"minecraft:drop":111,"minecraft:play_noteblock":12,"minecraft:talked_to_villager":8,"minecraft:play_time":1500727,"minecraft:deaths":72,"minecraft:jump":3867,"minecraft:walk_on_water_one_cm":79663,"minecraft:interact_with_furnace":49,"minecraft:sleep_in_bed":7,"tombstone:sneak_grave":3,"minecraft:damage_dealt":75410,"minecraft:player_kills":1,"minecraft:crouch_one_cm":148127,"tombstone:undead_killed":22,"minecraft:inspect_dispenser":24,"minecraft:mob_kills":95,"minecraft:damage_dealt_resisted":1167,"minecraft:climb_one_cm":4639,"minecraft:walk_one_cm":822375,"minecraft:sneak_time":94990,"minecraft:walk_under_water_one_cm":33990,"minecraft:interact_with_lectern":5,"minecraft:total_world_time":1500727,"tombstone:raider_killed":3,"minecraft:tune_noteblock":4,"minecraft:time_since_rest":38703,"minecraft:damage_taken":23781,"minecraft:damage_absorbed":40,"minecraft:swim_one_cm":29934,"minecraft:fly_one_cm":2930818,"minecraft:open_chest":385,"minecraft:fall_one_cm":118686},"minecraft:crafted":{"minecraft:oak_planks":224,"minecraft:cobblestone_slab":72,"minecraft:birch_slab":6,"minecraft:iron_boots":1,"minecraft:chest":10,"minecraft:iron_door":3,"onlyhammersandexcavators:stone_hammer":32,"minecraft:oak_slab":6,"minecraft:crafting_table":3,"minecraft:wooden_pickaxe":1,"minecraft:iron_helmet":1,"minecraft:birch_planks":52,"butchersdelight:cleaver":1,"minecraft:iron_chestplate":1,"minecraft:stick":256,"minecraft:iron_ingot":32,"minecraft:iron_block":3,"minecraft:stone_sword":2,"minecraft:shears":1,"minecraft:cobbled_deepslate_slab":6,"minecraft:stone_shovel":1,"minecraft:iron_nugget":9,"minecraft:furnace":15,"minecraft:stone_pickaxe":17,"minecraft:diamond_boots":1,"butchersdelight:hook":1,"minecraft:iron_sword":1,"minecraft:bucket":4,"minecraft:stone_axe":2,"minecraft:air":0,"onlyhammersandexcavators:stone_excavator":4,"minecraft:wooden_axe":2,"minecraft:birch_trapdoor":2,"minecraft:iron_leggings":1,"minecraft:anvil":1,"minecraft:white_bed":1,"minecraft:torch":488,"minecraft:diamond_chestplate":1},"minecraft:mined":{"undead_revamp2:arapholia":3,"minecraft:spruce_planks":5,"minecraft:white_bed":3,"minecraft:granite":154,"minecraft:grass_block":7,"minecraft:soul_soil":1,"minecraft:iron_ore":135,"minecraft:cobbled_deepslate":87,"minecraft:fire":1,"minecraft:pumpkin":3,"minecraft:deepslate_lapis_ore":4,"minecraft:green_carpet":29,"minecraft:spruce_slab":1,"minecraft:jungle_trapdoor":1,"minecraft:deepslate_redstone_ore":88,"minecraft:red_bed":7,"minecraft:torch":20,"minecraft:note_block":6,"minecraft:dark_oak_wood":2,"minecraft:chest":1,"minecraft:cobblestone":45,"minecraft:oak_planks":10,"minecraft:iron_door":2,"minecraft:wall_torch":9,"minecraft:chain":5,"farmersdelight:sandy_shrub":9,"minecraft:birch_log":3,"minecraft:birch_trapdoor":1,"minecraft:stone_brick_stairs":2,"minecraft:grass":19,"minecraft:oak_log":2,"minecraft:sand":15,"minecraft:dirt":17,"minecraft:oak_leaves":17,"minecraft:deepslate":8400,"minecraft:tuff":514,"minecraft:mossy_cobblestone":6,"minecraft:deepslate_diamond_ore":68,"minecraft:gray_glazed_terracotta":3,"minecraft:gray_stained_glass_pane":2,"minecraft:glow_lichen":1,"born_in_chaos_v1:black_argillite":8,"minecraft:birch_slab":1,"minecraft:redstone_ore":5,"minecraft:furnace":1,"minecraft:andesite":334,"treechop:chopped_log":31,"minecraft:deepslate_iron_ore":19,"minecraft:lantern":3,"minecraft:stone":3854,"supplementaries:book_pile_horizontal":2,"thestarvedstalker:hungering_soil":3,"minecraft:crafting_table":3,"minecraft:campfire":1,"minecraft:tall_grass":1,"minecraft:copper_ore":73,"minecraft:lapis_ore":12,"minecraft:deepslate_gold_ore":36,"minecraft:diorite":542,"farmersdelight:wild_beetroots":13,"minecraft:gray_wool":16,"minecraft:birch_planks":3,"minecraft:birch_leaves":1,"minecraft:coal_ore":159,"minecraft:gravel":93,"minecraft:gold_ore":20},"minecraft:broken":{"minecraft:stone_pickaxe":8,"minecraft:stone_axe":1,"minecraft:wooden_axe":1,"minecraft:stone_sword":2,"minecraft:wooden_pickaxe":1,"onlyhammersandexcavators:stone_hammer":22},"minecraft:killed":{"born_in_chaos_v1:door_knight_not_despawn":1,"minecraft:spider":1,"undead_revamp2:thesmoker":1,"fear_the_dark:scuddler":1,"aquamirae:tortured_soul":1,"minecraft:skeleton":2,"aquamirae:spinefish":1,"fear_the_dark:maw_manta":1,"born_in_chaos_v1:firelight_not_despawn":1,"loud_dweller:loud_dweller":2,"born_in_chaos_v1:diamond_termite":14,"man:managgresive":2,"fear_the_dark:dracoflora":3,"aquamirae:captain_cornelia":1,"fear_the_dark:the_arm":2,"born_in_chaos_v1:dread_hound_not_despawn":1,"minecraft:creeper":2,"fear_the_dark:daunt":1,"minecraft:sheep":3,"minecraft:pillager":2,"minecraft:zombie":9,"born_in_chaos_v1:corpse_fly":1,"creeping_x:creeping_x":2,"kim_dweller:kim_dweller":1,"aquamirae:eel":1,"undergarden:dweller":1,"endofherobrine:pigman":1,"undead_revamp2:thehunter":1,"fear_the_dark:fever_dream":1,"undead_revamp2:theimmortal":1,"born_in_chaos_v1:zombie_clown_not_despawn":1,"fear_the_dark:draco_flora_friendly":7,"aquamirae:maze_mother":1,"minecraft:vindicator":1,"sanitydim:rotting_stalker":1,"born_in_chaos_v1:skeleton_thrasher_not_despawn":1,"born_in_chaos_v1:maggot":3,"undead_revamp2:sucker":1,"aquamirae:maw":1,"born_in_chaos_v1:spirit_guide_assistant":2,"fear_the_dark:monolith":1,"undead_revamp2:the_moonflower":1,"born_in_chaos_v1:infernal_spirit":1,"aquamirae:anglerfish":1,"endofherobrine:sheep":1},"minecraft:picked_up":{"minecraft:wither_rose":4,"minecraft:stone_brick_stairs":2,"pocket_pets:nigriceps_ant_leg":1,"born_in_chaos_v1:black_argillite":6,"minecraft:raw_copper":498,"minecraft:string":1,"minecraft:soul_soil":1,"minecraft:netherite_ingot":2,"minecraft:experience_bottle":1,"minecraft:beetroot":6,"minecraft:sea_pickle":1,"minecraft:cobbled_deepslate":7045,"minecraft:smooth_stone":3,"minecraft:bucket":5,"minecraft:spruce_planks":5,"minecraft:redstone_torch":2,"minecraft:iron_pickaxe":1,"minecraft:furnace":1,"minecraft:stick":66,"minecraft:birch_trapdoor":1,"minecraft:torch":140,"tombstone:grave_dust":1,"minecraft:diorite":333,"minecraft:rotten_flesh":90,"undead_revamp2:arapholia":4,"minecraft:cobblestone":2436,"minecraft:nautilus_shell":1,"minecraft:birch_log":43,"minecraft:iron_door":2,"minecraft:birch_slab":1,"minecraft:andesite":170,"minecraft:beacon":1,"butchersdelight:deadpig":3,"minecraft:flint":7,"minecraft:tuff":523,"minecraft:lantern":4,"minecraft:gray_concrete":2,"minecraft:lapis_lazuli":167,"minecraft:dirt":27,"minecraft:bone":5,"minecraft:bow":1,"minecraft:wheat_seeds":1,"minecraft:raw_gold":114,"thestarvedstalker:hungering_soil":3,"minecraft:oak_planks":10,"minecraft:gray_glazed_terracotta":4,"minecraft:sand":35,"minecraft:mossy_cobblestone":6,"born_in_chaos_v1:fire_dust":1,"minecraft:diamond":191,"minecraft:lever":1,"minecraft:granite":111,"minecraft:emerald":20,"minecraft:bread":2,"minecraft:oak_sapling":97,"minecraft:charcoal":2,"born_in_chaos_v1:diamond_termite_shard":12,"minecraft:crafting_table":3,"minecraft:chain":5,"minecraft:jungle_trapdoor":1,"minecraft:red_bed":7,"minecraft:flint_and_steel":1,"butchersdelight:dead_cow":6,"minecraft:spruce_slab":1,"minecraft:chest":1,"minecraft:birch_sapling":18,"minecraft:raw_iron":333,"minecraft:note_block":5,"born_in_chaos_v1:pieceofdarkmetal":2,"minecraft:redstone":561,"butchersdelight:deadsheep":4,"minecraft:arrow":4,"minecraft:beetroot_seeds":15,"minecraft:white_wool":3,"born_in_chaos_v1:fused_bone":1,"born_in_chaos_v1:corpse_maggot":4,"minecraft:leather":1,"minecraft:birch_planks":2,"fear_the_dark:dracoflora_eggseed":7,"minecraft:oak_log":168,"minecraft:gunpowder":2,"minecraft:white_banner":1,"butchersdelight:deadchiken":3,"minecraft:apple":31,"minecraft:stone_pickaxe":5,"minecraft:book":2,"minecraft:pumpkin":3,"minecraft:gravel":88,"minecraft:lava_bucket":1,"minecraft:white_bed":3,"minecraft:green_carpet":29,"minecraft:spider_eye":1,"minecraft:gray_wool":16,"onlyhammersandexcavators:stone_hammer":2,"minecraft:dark_oak_wood":2,"minecraft:coal":278},"minecraft:used":{"minecraft:spruce_slab":1,"minecraft:dispenser":15,"minecraft:chest":11,"minecraft:iron_sword":4,"butchersdelight:hook":1,"minecraft:iron_chestplate":1,"cataclysm:obsidian_brick_wall":33,"aquamirae:captain_cornelia_spawn_egg":1,"endofherobrine:lurker_spawn_egg":2,"minecraft:tuff":45,"born_in_chaos_v1:corpse_maggot":1,"minecraft:villager_spawn_egg":1,"thestarvedstalker:the_starved_stalker_spawn_egg":1,"minecraft:lantern":4,"minecraft:grass_block":10,"undergarden:dweller_spawn_egg":1,"onlyhammersandexcavators:stone_hammer":14430,"minecraft:stone_bricks":1,"minecraft:bedrock":3,"minecraft:birch_trapdoor":3,"minecraft:repeater":21,"minecraft:furnace":10,"born_in_chaos_v1:pumpkin_bomb_spawn_egg":1,"fear_the_dark:the_arm_spawn_egg":2,"born_in_chaos_v1:skeleton_thrasher_not_despawn_spawn_egg":1,"born_in_chaos_v1:zombie_lumberjack_spawn_egg":1,"minecraft:diorite":64,"minecraft:oak_planks":37,"minecraft:stone_pickaxe":1077,"fear_the_dark:dracoflora_eggseed":7,"minecraft:wooden_pickaxe":59,"minecraft:oak_leaves":2,"born_in_chaos_v1:firelight_not_despawn_spawn_egg":1,"minecraft:golden_apple":1,"minecraft:sand":23,"fear_the_dark:daunt_spawn_egg":1,"fear_the_dark:dracoflora_spawn_egg":3,"onlyhammersandexcavators:stone_excavator":60,"aquamirae:tortured_soul_spawn_egg":1,"minecraft:acacia_leaves":1,"fear_the_dark:maw_manta_spawn_egg":1,"minecraft:redstone_torch":19,"minecraft:sticky_piston":18,"minecraft:daylight_detector":2,"minecraft:birch_slab":5,"tombstone:grave_key":1,"minecraft:iron_door":4,"minecraft:deepslate":301,"minecraft:gravel":7,"minecraft:andesite":16,"minecraft:birch_log":3,"born_in_chaos_v1:zombie_clown_not_despawn_spawn_egg":1,"minecraft:stone_sword":317,"minecraft:flint_and_steel":2,"minecraft:redstone":103,"minecraft:spruce_planks":4,"minecraft:torch":341,"spartanweaponry:netherite_longsword":211,"minecraft:dirt":17,"minecraft:anvil":1,"aquamirae:spinefish_spawn_egg":1,"minecraft:jungle_trapdoor":1,"minecraft:granite":34,"fear_the_dark:scuddler_spawn_egg":1,"minecraft:wooden_axe":62,"born_in_chaos_v1:dread_hound_not_despawn_spawn_egg":1,"born_in_chaos_v1:zombie_fisherman_spawn_egg":1,"minecraft:iron_boots":1,"minecraft:gray_glazed_terracotta":3,"minecraft:soul_soil":1,"tombstone:gift":5,"undead_revamp2:arapholia":2,"minecraft:cooked_beef":2,"minecraft:cobbled_deepslate":705,"minecraft:observer":28,"born_in_chaos_v1:door_knight_not_despawn_spawn_egg":1,"minecraft:iron_leggings":1,"minecraft:water_bucket":2,"aquamirae:maw_spawn_egg":1,"minecraft:birch_planks":5,"aquamirae:eel_spawn_egg":1,"minecraft:cobblestone_slab":3,"fear_the_dark:arborial_colossus_2_spawn_egg":1,"minecraft:mossy_cobblestone":6,"minecraft:comparator":4,"born_in_chaos_v1:zombie_bruiser_spawn_egg":1,"minecraft:oak_slab":1,"minecraft:crafting_table":6,"minecraft:red_bed":8,"minecraft:white_bed":4,"minecraft:book":2,"aquamirae:pillagers_patrol_spawn_egg":1,"minecraft:piston":11,"minecraft:ender_eye":16,"minecraft:diamond_pickaxe":602,"fear_the_dark:monolith_spawn_egg":1,"minecraft:command_block":2,"aquamirae:anglerfish_spawn_egg":1,"aquamirae:maze_mother_spawn_egg":1,"minecraft:stone_axe":151,"minecraft:green_carpet":29,"minecraft:cobblestone":359,"minecraft:cobbled_deepslate_slab":6,"born_in_chaos_v1:infernal_spirit_spawn_egg":1,"minecraft:bucket":4,"pocket_pets:nigriceps_ant_leg":1,"born_in_chaos_v1:decaying_zombie_not_despawn_spawn_egg":1}},"DataVersion":3120}