{"stats":{"minecraft:mined":{"minecraft:birch_log":3,"minecraft:oak_leaves":9},"minecraft:custom":{"minecraft:time_since_rest":41730,"minecraft:open_chest":1,"minecraft:crouch_one_cm":480,"minecraft:walk_one_cm":11163,"minecraft:sprint_one_cm":26525,"minecraft:play_time":131429,"minecraft:deaths":1,"minecraft:sneak_time":1888,"minecraft:walk_under_water_one_cm":5587,"minecraft:mob_kills":1,"minecraft:jump":84,"minecraft:damage_dealt":3406,"minecraft:leave_game":5,"minecraft:walk_on_water_one_cm":2443,"minecraft:time_since_death":41690,"minecraft:climb_one_cm":892,"minecraft:total_world_time":131429,"minecraft:damage_resisted":10,"minecraft:swim_one_cm":7480,"minecraft:talked_to_villager":1,"minecraft:fall_one_cm":1171,"minecraft:fly_one_cm":780506},"minecraft:picked_up":{"minecraft:birch_log":3,"minecraft:oak_sapling":1},"minecraft:killed":{"man:managgresive":1},"minecraft:used":{"minecraft:oak_leaves":2,"born_in_chaos_v1:zombie_lumberjack_spawn_egg":1,"minecraft:ender_eye":16,"born_in_chaos_v1:zombie_bruiser_spawn_egg":1,"minecraft:birch_log":3,"born_in_chaos_v1:zombie_fisherman_spawn_egg":1}},"DataVersion":3120}