{"stats":{"minecraft:broken":{"minecraft:stone_sword":1,"minecraft:wooden_pickaxe":1,"minecraft:stone_pickaxe":6,"onlyhammersandexcavators:stone_hammer":15,"minecraft:stone_axe":1,"minecraft:wooden_axe":1},"minecraft:mined":{"undead_revamp2:arapholia":1,"minecraft:tuff":255,"minecraft:spruce_planks":2,"minecraft:white_bed":3,"minecraft:mossy_cobblestone":6,"minecraft:deepslate_diamond_ore":44,"minecraft:gray_glazed_terracotta":3,"minecraft:gray_stained_glass_pane":2,"minecraft:glow_lichen":1,"minecraft:granite":154,"minecraft:grass_block":7,"born_in_chaos_v1:black_argillite":8,"minecraft:birch_slab":1,"minecraft:redstone_ore":5,"minecraft:furnace":1,"minecraft:iron_ore":135,"minecraft:cobbled_deepslate":64,"minecraft:andesite":334,"minecraft:pumpkin":3,"treechop:chopped_log":31,"minecraft:deepslate_iron_ore":9,"minecraft:lantern":3,"minecraft:green_carpet":29,"minecraft:stone":3852,"supplementaries:book_pile_horizontal":2,"minecraft:deepslate_redstone_ore":52,"thestarvedstalker:hungering_soil":3,"minecraft:red_bed":3,"minecraft:crafting_table":3,"minecraft:torch":17,"minecraft:note_block":4,"minecraft:dark_oak_wood":2,"minecraft:chest":1,"minecraft:campfire":1,"minecraft:copper_ore":73,"minecraft:cobblestone":45,"minecraft:lapis_ore":12,"minecraft:deepslate_gold_ore":23,"minecraft:oak_planks":10,"minecraft:diorite":542,"minecraft:wall_torch":8,"farmersdelight:wild_beetroots":13,"minecraft:chain":5,"minecraft:gray_wool":16,"minecraft:birch_planks":3,"farmersdelight:sandy_shrub":9,"minecraft:birch_log":3,"minecraft:birch_trapdoor":1,"minecraft:birch_leaves":1,"minecraft:stone_brick_stairs":2,"minecraft:grass":9,"minecraft:oak_log":2,"minecraft:coal_ore":159,"minecraft:gravel":38,"minecraft:sand":15,"minecraft:dirt":17,"minecraft:gold_ore":20,"minecraft:oak_leaves":17,"minecraft:deepslate":4448},"minecraft:killed":{"undead_revamp2:theimmortal":1,"minecraft:spider":1,"sanitydim:rotting_stalker":1,"undead_revamp2:thesmoker":1,"born_in_chaos_v1:maggot":3,"minecraft:skeleton":2,"undead_revamp2:sucker":1,"loud_dweller:loud_dweller":2,"born_in_chaos_v1:diamond_termite":9,"man:managgresive":1,"undead_revamp2:the_moonflower":1,"minecraft:sheep":3,"minecraft:zombie":9,"endofherobrine:sheep":1,"endofherobrine:pigman":1},"minecraft:custom":{"minecraft:mob_kills":38,"minecraft:interact_with_crafting_table":25,"minecraft:leave_game":17,"minecraft:time_since_death":25262,"minecraft:climb_one_cm":3030,"minecraft:damage_resisted":870,"minecraft:sprint_one_cm":694089,"minecraft:walk_one_cm":521323,"minecraft:drop":84,"minecraft:play_noteblock":9,"minecraft:talked_to_villager":7,"minecraft:play_time":1017086,"minecraft:deaths":54,"minecraft:sneak_time":83093,"minecraft:walk_under_water_one_cm":29776,"minecraft:jump":2540,"minecraft:walk_on_water_one_cm":43120,"minecraft:total_world_time":1017086,"minecraft:interact_with_furnace":29,"minecraft:tune_noteblock":2,"minecraft:sleep_in_bed":7,"minecraft:time_since_rest":22863,"minecraft:damage_absorbed":40,"minecraft:damage_taken":18462,"tombstone:sneak_grave":3,"minecraft:damage_dealt":21069,"minecraft:swim_one_cm":29356,"minecraft:fly_one_cm":1593803,"minecraft:open_chest":201,"minecraft:crouch_one_cm":131483,"tombstone:undead_killed":15,"minecraft:fall_one_cm":74418,"minecraft:inspect_dispenser":24},"minecraft:used":{"minecraft:stone_sword":160,"minecraft:dispenser":15,"minecraft:redstone":103,"minecraft:chest":11,"minecraft:spruce_planks":1,"minecraft:torch":266,"minecraft:dirt":15,"minecraft:tuff":45,"minecraft:granite":34,"minecraft:wooden_axe":62,"minecraft:villager_spawn_egg":1,"minecraft:lantern":4,"born_in_chaos_v1:zombie_fisherman_spawn_egg":1,"onlyhammersandexcavators:stone_hammer":9779,"minecraft:bedrock":3,"minecraft:repeater":21,"minecraft:birch_trapdoor":3,"minecraft:gray_glazed_terracotta":3,"minecraft:furnace":8,"tombstone:gift":4,"undead_revamp2:arapholia":2,"minecraft:cobbled_deepslate":382,"minecraft:observer":28,"minecraft:water_bucket":1,"born_in_chaos_v1:zombie_lumberjack_spawn_egg":1,"minecraft:diorite":64,"minecraft:birch_planks":5,"minecraft:oak_planks":37,"minecraft:stone_pickaxe":1022,"minecraft:wooden_pickaxe":59,"minecraft:oak_leaves":2,"minecraft:golden_apple":1,"minecraft:mossy_cobblestone":6,"minecraft:sand":23,"minecraft:comparator":4,"minecraft:oak_slab":1,"born_in_chaos_v1:zombie_bruiser_spawn_egg":1,"minecraft:crafting_table":6,"minecraft:red_bed":3,"minecraft:white_bed":4,"minecraft:book":2,"minecraft:redstone_torch":19,"minecraft:sticky_piston":18,"minecraft:piston":11,"minecraft:ender_eye":16,"minecraft:diamond_pickaxe":510,"minecraft:daylight_detector":2,"minecraft:command_block":2,"minecraft:birch_slab":5,"minecraft:deepslate":299,"minecraft:gravel":7,"minecraft:stone_axe":151,"minecraft:green_carpet":29,"minecraft:cobblestone":357,"minecraft:cobbled_deepslate_slab":6,"minecraft:andesite":16,"minecraft:bucket":1,"minecraft:birch_log":3},"minecraft:crafted":{"minecraft:cobbled_deepslate_slab":6,"minecraft:oak_planks":224,"minecraft:stone_shovel":1,"minecraft:birch_slab":6,"minecraft:furnace":7,"minecraft:stone_pickaxe":15,"minecraft:chest":10,"onlyhammersandexcavators:stone_hammer":18,"minecraft:oak_slab":6,"minecraft:crafting_table":3,"minecraft:wooden_pickaxe":1,"minecraft:birch_planks":52,"minecraft:stone_axe":2,"minecraft:stick":164,"minecraft:birch_trapdoor":2,"minecraft:wooden_axe":2,"minecraft:stone_sword":2,"minecraft:white_bed":1,"minecraft:torch":360},"minecraft:killed_by":{"minecraft:player":2,"creeping_x:creeping_x":2,"minecraft:creeper":1,"endofherobrine:lurker":1,"goat_man:goat_man":2,"endofherobrine:sheep":1,"sanitydim:rotting_stalker":1,"mimicer:mimicer":2,"sanitydim:sneaking_terror":1},"minecraft:dropped":{"minecraft:oak_slab":5,"minecraft:wheat_seeds":1,"minecraft:cobblestone":396,"minecraft:dirt":2,"minecraft:gray_concrete":2,"minecraft:diorite":177,"minecraft:torch":84,"minecraft:dark_oak_wood":2,"minecraft:smooth_stone":3,"minecraft:bucket":3,"minecraft:gravel":5,"onlyhammersandexcavators:stone_hammer":5,"minecraft:cobbled_deepslate":2254,"minecraft:tuff":41,"minecraft:beetroot":3,"minecraft:andesite":12,"born_in_chaos_v1:corpse_maggot":2,"minecraft:stone_pickaxe":6},"minecraft:picked_up":{"minecraft:charcoal":2,"born_in_chaos_v1:diamond_termite_shard":7,"minecraft:crafting_table":3,"minecraft:stone_brick_stairs":2,"minecraft:chain":5,"born_in_chaos_v1:black_argillite":6,"minecraft:red_bed":3,"minecraft:string":1,"minecraft:raw_copper":498,"butchersdelight:dead_cow":5,"minecraft:beetroot":6,"minecraft:sea_pickle":1,"minecraft:cobbled_deepslate":4972,"minecraft:smooth_stone":3,"minecraft:bucket":5,"minecraft:spruce_planks":2,"minecraft:redstone_torch":2,"minecraft:chest":1,"minecraft:birch_sapling":18,"minecraft:furnace":1,"minecraft:stick":66,"minecraft:raw_iron":307,"minecraft:birch_trapdoor":1,"minecraft:torch":83,"minecraft:note_block":4,"tombstone:grave_dust":1,"minecraft:diorite":333,"born_in_chaos_v1:pieceofdarkmetal":2,"minecraft:redstone":343,"butchersdelight:deadsheep":4,"minecraft:arrow":4,"minecraft:rotten_flesh":82,"minecraft:beetroot_seeds":15,"undead_revamp2:arapholia":2,"minecraft:white_wool":3,"minecraft:cobblestone":2434,"born_in_chaos_v1:fused_bone":1,"minecraft:birch_log":42,"born_in_chaos_v1:corpse_maggot":3,"minecraft:birch_slab":1,"minecraft:andesite":170,"minecraft:birch_planks":2,"butchersdelight:deadpig":3,"minecraft:flint":2,"minecraft:tuff":378,"minecraft:oak_log":168,"minecraft:lapis_lazuli":129,"minecraft:gray_concrete":2,"minecraft:lantern":4,"minecraft:dirt":24,"butchersdelight:deadchiken":2,"minecraft:bone":1,"minecraft:apple":31,"minecraft:bow":1,"minecraft:wheat_seeds":1,"minecraft:raw_gold":88,"minecraft:stone_pickaxe":5,"thestarvedstalker:hungering_soil":3,"minecraft:oak_planks":10,"minecraft:book":2,"minecraft:pumpkin":3,"minecraft:gray_glazed_terracotta":4,"minecraft:lava_bucket":1,"minecraft:gravel":39,"minecraft:sand":35,"minecraft:white_bed":3,"minecraft:green_carpet":29,"minecraft:spider_eye":1,"minecraft:mossy_cobblestone":6,"minecraft:diamond":144,"minecraft:lever":1,"minecraft:granite":111,"minecraft:gray_wool":16,"minecraft:bread":2,"onlyhammersandexcavators:stone_hammer":2,"minecraft:oak_sapling":97,"minecraft:dark_oak_wood":2,"minecraft:coal":278}},"DataVersion":3120}