{"stats":{"minecraft:broken":{"toughasnails:leaf_boots":1,"toughasnails:leaf_chestplate":1,"minecraft:shears":1,"minecraft:stone_pickaxe":8,"minecraft:stone_axe":1,"minecraft:wooden_axe":1,"toughasnails:leaf_leggings":1,"minecraft:stone_sword":2,"minecraft:wooden_pickaxe":1,"onlyhammersandexcavators:stone_hammer":22,"toughasnails:leaf_helmet":2},"minecraft:used":{"minecraft:spruce_slab":3,"minecraft:dispenser":15,"minecraft:chest":11,"minecraft:iron_sword":22,"butchersdelight:hook":1,"minecraft:iron_chestplate":1,"cataclysm:obsidian_brick_wall":33,"minecraft:tuff":45,"born_in_chaos_v1:corpse_maggot":1,"minecraft:jungle_fence_gate":1,"minecraft:villager_spawn_egg":1,"thestarvedstalker:the_starved_stalker_spawn_egg":1,"minecraft:lantern":5,"minecraft:grass_block":12,"undergarden:dweller_spawn_egg":1,"onlyhammersandexcavators:stone_hammer":14430,"minecraft:stone_bricks":1,"minecraft:bedrock":3,"minecraft:birch_button":1,"minecraft:birch_trapdoor":3,"minecraft:repeater":21,"minecraft:furnace":10,"born_in_chaos_v1:pumpkin_bomb_spawn_egg":1,"fear_the_dark:the_arm_spawn_egg":2,"born_in_chaos_v1:skeleton_thrasher_not_despawn_spawn_egg":1,"born_in_chaos_v1:zombie_lumberjack_spawn_egg":1,"minecraft:diorite":64,"minecraft:jungle_fence":2,"minecraft:oak_planks":37,"minecraft:stone_pickaxe":1103,"fear_the_dark:dracoflora_eggseed":7,"minecraft:wooden_pickaxe":59,"minecraft:oak_leaves":2,"born_in_chaos_v1:firelight_not_despawn_spawn_egg":1,"minecraft:golden_apple":1,"minecraft:sand":23,"fear_the_dark:daunt_spawn_egg":1,"fear_the_dark:dracoflora_spawn_egg":3,"onlyhammersandexcavators:stone_excavator":403,"minecraft:acacia_leaves":1,"fear_the_dark:maw_manta_spawn_egg":1,"minecraft:gray_concrete":4,"minecraft:shears":186,"minecraft:redstone_torch":19,"minecraft:sticky_piston":18,"minecraft:daylight_detector":2,"minecraft:birch_slab":5,"tombstone:grave_key":3,"minecraft:deepslate":301,"minecraft:iron_door":6,"minecraft:gravel":7,"minecraft:dark_oak_fence":1,"minecraft:andesite":16,"minecraft:birch_log":3,"born_in_chaos_v1:zombie_clown_not_despawn_spawn_egg":1,"apollyon:the_damned_spawn_egg":1,"minecraft:stone_sword":428,"minecraft:flint_and_steel":2,"toughasnails:leaf_helmet":1,"minecraft:stone_shovel":61,"minecraft:redstone":103,"undead_revamp2:blacpetalblock":2,"minecraft:spruce_planks":4,"toughasnails:leaf_boots":2,"minecraft:torch":378,"spartanweaponry:netherite_longsword":211,"minecraft:dirt":25,"minecraft:anvil":1,"minecraft:spruce_stairs":20,"minecraft:jungle_trapdoor":2,"minecraft:granite":34,"fear_the_dark:scuddler_spawn_egg":1,"minecraft:wooden_axe":62,"born_in_chaos_v1:dread_hound_not_despawn_spawn_egg":1,"born_in_chaos_v1:zombie_fisherman_spawn_egg":1,"minecraft:iron_boots":1,"minecraft:gray_glazed_terracotta":3,"minecraft:soul_soil":1,"tombstone:gift":6,"minecraft:granite_wall":1,"undead_revamp2:arapholia":3,"comforts:sleeping_bag_white":3,"minecraft:cooked_beef":2,"minecraft:cobbled_deepslate":838,"minecraft:observer":28,"born_in_chaos_v1:door_knight_not_despawn_spawn_egg":1,"minecraft:iron_leggings":1,"minecraft:water_bucket":14,"toughasnails:leaf_leggings":2,"minecraft:birch_planks":5,"minecraft:cobblestone_slab":3,"fear_the_dark:arborial_colossus_2_spawn_egg":1,"minecraft:mossy_cobblestone":6,"minecraft:comparator":4,"born_in_chaos_v1:zombie_bruiser_spawn_egg":1,"minecraft:oak_slab":1,"minecraft:crafting_table":7,"minecraft:red_bed":11,"minecraft:white_bed":11,"minecraft:book":14,"tombstone:bag_of_seeds":1,"minecraft:piston":11,"minecraft:ender_eye":16,"minecraft:diamond_pickaxe":602,"fear_the_dark:monolith_spawn_egg":1,"minecraft:command_block":2,"spartanweaponry:stone_boomerang":413,"toughasnails:leaf_chestplate":2,"minecraft:stone_axe":238,"minecraft:green_carpet":29,"minecraft:cobblestone":359,"minecraft:cobbled_deepslate_slab":34,"born_in_chaos_v1:infernal_spirit_spawn_egg":1,"minecraft:bucket":17,"pocket_pets:nigriceps_ant_leg":1,"born_in_chaos_v1:decaying_zombie_not_despawn_spawn_egg":1},"minecraft:dropped":{"minecraft:emerald":20,"minecraft:dirt":2,"minecraft:gray_concrete":2,"minecraft:dark_oak_wood":2,"minecraft:bone":2,"minecraft:gravel":5,"onlyhammersandexcavators:stone_hammer":5,"minecraft:cobbled_deepslate":3070,"minecraft:beetroot":3,"spartanweaponry:stone_boomerang":11,"born_in_chaos_v1:corpse_maggot":2,"minecraft:oak_slab":5,"minecraft:wheat_seeds":1,"minecraft:cobblestone":396,"minecraft:diorite":177,"minecraft:torch":84,"minecraft:smooth_stone":3,"minecraft:bucket":3,"minecraft:stone_sword":2,"minecraft:tuff":59,"minecraft:flint_and_steel":1,"minecraft:andesite":12,"minecraft:stone_pickaxe":6},"minecraft:killed_by":{"minecraft:creeper":1,"corpse_stalker:corpse_stalker":1,"minecraft:drowned":2,"sanitydim:rotting_stalker":1,"mimicer:mimicer":4,"sanitydim:sneaking_terror":1,"kim_dweller:kim_dweller":1,"minecraft:husk":1,"minecraft:player":2,"goat_man:goat_man":3,"born_in_chaos_v1:maggot":1},"minecraft:picked_up":{"toughasnails:leaf_leggings":1,"minecraft:wither_rose":4,"minecraft:stone_brick_stairs":2,"pocket_pets:nigriceps_ant_leg":1,"minecraft:golden_sword":5,"born_in_chaos_v1:black_argillite":6,"minecraft:raw_copper":498,"minecraft:string":3,"minecraft:soul_soil":36,"minecraft:netherite_ingot":2,"minecraft:experience_bottle":1,"minecraft:beetroot":6,"minecraft:sea_pickle":1,"minecraft:cobbled_deepslate":7156,"minecraft:smooth_stone":3,"minecraft:bucket":5,"minecraft:spruce_planks":5,"toughasnails:leaf_boots":1,"minecraft:redstone_torch":2,"minecraft:iron_pickaxe":1,"minecraft:furnace":1,"minecraft:golden_helmet":1,"minecraft:stick":77,"minecraft:acacia_log":44,"minecraft:birch_trapdoor":1,"minecraft:spruce_stairs":22,"minecraft:torch":191,"tombstone:grave_dust":9,"minecraft:diorite":333,"minecraft:stone_sword":2,"minecraft:rotten_flesh":173,"supplementaries:ash":1,"undead_revamp2:arapholia":5,"minecraft:cobblestone":2437,"minecraft:nautilus_shell":1,"minecraft:birch_log":43,"minecraft:iron_door":3,"minecraft:birch_slab":1,"minecraft:andesite":170,"minecraft:acacia_leaves":76,"minecraft:beacon":1,"butchersdelight:deadpig":3,"minecraft:flint":7,"minecraft:tuff":523,"minecraft:lantern":5,"minecraft:gray_concrete":10,"minecraft:lapis_lazuli":167,"minecraft:dirt":344,"minecraft:leather_boots":1,"minecraft:bone":5,"minecraft:granite_wall":1,"undead_revamp2:blacpetalblock":3,"spartanweaponry:iron_greatsword":1,"minecraft:bow":1,"minecraft:wheat_seeds":12,"minecraft:raw_gold":114,"minecraft:cobbled_deepslate_slab":1,"thestarvedstalker:hungering_soil":3,"minecraft:oak_planks":61,"minecraft:gray_glazed_terracotta":4,"minecraft:sand":35,"minecraft:mossy_cobblestone":6,"minecraft:bundle":3,"minecraft:stripped_acacia_log":3,"born_in_chaos_v1:fire_dust":1,"minecraft:diamond":191,"minecraft:lever":1,"minecraft:granite":111,"minecraft:grass":12,"minecraft:emerald":20,"minecraft:bread":2,"minecraft:oak_sapling":98,"minecraft:dark_oak_fence":1,"minecraft:oak_leaves":98,"minecraft:charcoal":2,"born_in_chaos_v1:diamond_termite_shard":12,"minecraft:crafting_table":3,"born_in_chaos_v1:river_mint":4,"minecraft:chain":5,"minecraft:jungle_trapdoor":2,"minecraft:red_bed":11,"minecraft:flint_and_steel":1,"butchersdelight:dead_cow":8,"onlyhammersandexcavators:stone_excavator":2,"minecraft:spruce_slab":3,"minecraft:chest":1,"minecraft:birch_sapling":18,"minecraft:raw_iron":333,"minecraft:note_block":5,"minecraft:jungle_fence_gate":1,"born_in_chaos_v1:pieceofdarkmetal":2,"minecraft:redstone":561,"butchersdelight:deadsheep":4,"minecraft:arrow":4,"minecraft:beetroot_seeds":15,"minecraft:white_wool":3,"born_in_chaos_v1:fused_bone":1,"born_in_chaos_v1:corpse_maggot":6,"minecraft:leather":1,"minecraft:jungle_fence":2,"minecraft:birch_planks":3,"fear_the_dark:dracoflora_eggseed":7,"minecraft:oak_log":178,"minecraft:chainmail_chestplate":1,"minecraft:gunpowder":4,"minecraft:white_banner":1,"butchersdelight:deadchiken":3,"minecraft:apple":40,"minecraft:stone_pickaxe":6,"minecraft:acacia_sapling":25,"minecraft:iron_sword":1,"minecraft:book":14,"toughasnails:leaf_chestplate":1,"minecraft:pumpkin":3,"minecraft:gravel":88,"minecraft:lava_bucket":1,"minecraft:white_bed":4,"minecraft:green_carpet":29,"minecraft:spider_eye":1,"minecraft:stone_axe":1,"minecraft:gray_wool":16,"onlyhammersandexcavators:stone_hammer":2,"minecraft:dark_oak_wood":2,"minecraft:coal":278},"minecraft:mined":{"undead_revamp2:arapholia":3,"minecraft:spruce_planks":5,"minecraft:white_bed":4,"minecraft:granite":154,"minecraft:acacia_log":10,"minecraft:grass_block":150,"minecraft:soul_soil":37,"minecraft:iron_ore":135,"minecraft:cobbled_deepslate":103,"minecraft:fire":1,"minecraft:pumpkin":3,"minecraft:deepslate_lapis_ore":4,"minecraft:green_carpet":29,"minecraft:spruce_slab":3,"minecraft:jungle_trapdoor":2,"minecraft:deepslate_redstone_ore":88,"minecraft:red_bed":10,"minecraft:torch":20,"minecraft:note_block":6,"minecraft:dark_oak_wood":2,"minecraft:chest":1,"minecraft:cobblestone":45,"minecraft:oak_planks":10,"minecraft:iron_door":3,"minecraft:wall_torch":9,"minecraft:chain":5,"farmersdelight:sandy_shrub":9,"minecraft:birch_log":3,"minecraft:birch_trapdoor":1,"born_in_chaos_v1:river_mint":4,"minecraft:stone_brick_stairs":2,"minecraft:grass":63,"minecraft:oak_log":8,"minecraft:sand":15,"minecraft:dirt":194,"minecraft:oak_leaves":121,"minecraft:deepslate":8400,"minecraft:tuff":514,"minecraft:mossy_cobblestone":6,"minecraft:deepslate_diamond_ore":68,"minecraft:gray_glazed_terracotta":3,"minecraft:gray_stained_glass_pane":2,"minecraft:glow_lichen":1,"minecraft:cobbled_deepslate_slab":2,"born_in_chaos_v1:black_argillite":8,"minecraft:birch_slab":1,"minecraft:redstone_ore":5,"minecraft:furnace":1,"minecraft:andesite":334,"treechop:chopped_log":35,"minecraft:bookshelf":4,"minecraft:deepslate_iron_ore":19,"minecraft:lantern":3,"minecraft:stripped_acacia_log":1,"minecraft:stone":3854,"supplementaries:book_pile_horizontal":2,"thestarvedstalker:hungering_soil":3,"minecraft:acacia_leaves":76,"minecraft:gray_concrete":6,"minecraft:crafting_table":3,"undead_revamp2:blacpetalblock":2,"minecraft:campfire":1,"minecraft:tall_grass":1,"minecraft:copper_ore":73,"minecraft:lapis_ore":12,"minecraft:deepslate_gold_ore":36,"minecraft:diorite":542,"minecraft:spruce_stairs":21,"farmersdelight:wild_beetroots":13,"minecraft:gray_wool":16,"minecraft:birch_planks":3,"minecraft:birch_leaves":1,"minecraft:coal_ore":159,"minecraft:gravel":93,"minecraft:gold_ore":20},"minecraft:killed":{"minecraft:zombified_piglin":33,"born_in_chaos_v1:door_knight_not_despawn":1,"minecraft:spider":1,"undead_revamp2:thesmoker":1,"fear_the_dark:scuddler":1,"minecraft:skeleton":2,"hordes:husk_player":2,"fear_the_dark:maw_manta":1,"born_in_chaos_v1:firelight_not_despawn":1,"undead_revamp2:thespitter":1,"born_in_chaos_v1:diamond_termite":14,"man:managgresive":2,"fear_the_dark:dracoflora":3,"fear_the_dark:the_arm":2,"undead_revamp2:thebeartamer":1,"born_in_chaos_v1:dread_hound_not_despawn":1,"minecraft:creeper":2,"fear_the_dark:daunt":1,"minecraft:sheep":3,"minecraft:pillager":2,"minecraft:zombie":10,"born_in_chaos_v1:corpse_fly":1,"kim_dweller:kim_dweller":1,"undergarden:dweller":1,"apollyon:the_damned":1,"undead_revamp2:thehunter":1,"fear_the_dark:fever_dream":1,"undead_revamp2:theimmortal":1,"born_in_chaos_v1:zombie_clown_not_despawn":1,"fear_the_dark:draco_flora_friendly":7,"minecraft:vindicator":1,"sanitydim:rotting_stalker":1,"born_in_chaos_v1:skeleton_thrasher_not_despawn":1,"born_in_chaos_v1:maggot":4,"minecraft:drowned":1,"undead_revamp2:sucker":3,"minecraft:husk":70,"born_in_chaos_v1:spirit_guide_assistant":2,"fear_the_dark:monolith":1,"undead_revamp2:the_moonflower":3,"born_in_chaos_v1:infernal_spirit":1},"minecraft:custom":{"minecraft:interact_with_crafting_table":48,"minecraft:open_barrel":1,"minecraft:leave_game":30,"minecraft:time_since_death":9900,"minecraft:damage_resisted":39830,"minecraft:sprint_one_cm":1321943,"minecraft:drop":124,"minecraft:play_noteblock":17,"minecraft:talked_to_villager":8,"minecraft:play_time":1887714,"minecraft:deaths":96,"minecraft:jump":5230,"minecraft:walk_on_water_one_cm":81797,"minecraft:interact_with_furnace":49,"minecraft:sleep_in_bed":18,"tombstone:sneak_grave":3,"minecraft:damage_dealt":81277,"minecraft:player_kills":1,"minecraft:crouch_one_cm":178842,"tombstone:undead_killed":135,"minecraft:inspect_dispenser":24,"minecraft:mob_kills":211,"minecraft:damage_dealt_resisted":1213,"minecraft:climb_one_cm":5973,"minecraft:walk_one_cm":1061861,"minecraft:sneak_time":113358,"minecraft:walk_under_water_one_cm":33990,"minecraft:interact_with_lectern":5,"minecraft:total_world_time":1887714,"tombstone:raider_killed":3,"minecraft:tune_noteblock":6,"minecraft:time_since_rest":8759,"minecraft:damage_taken":30823,"minecraft:damage_absorbed":40,"minecraft:swim_one_cm":29934,"minecraft:fly_one_cm":3410813,"minecraft:open_chest":528,"minecraft:fall_one_cm":173879},"minecraft:crafted":{"minecraft:oak_planks":292,"minecraft:cobblestone_slab":72,"minecraft:birch_slab":6,"toughasnails:leaf_leggings":1,"minecraft:iron_boots":1,"minecraft:diamond_helmet":1,"minecraft:diamond_leggings":1,"minecraft:chest":10,"toughasnails:leaf_helmet":1,"minecraft:iron_door":3,"minecraft:birch_button":1,"onlyhammersandexcavators:stone_hammer":32,"spartanweaponry:stone_boomerang":17,"toughasnails:leaf_boots":1,"minecraft:oak_slab":6,"minecraft:crafting_table":4,"minecraft:wooden_pickaxe":1,"minecraft:iron_helmet":1,"minecraft:birch_planks":56,"butchersdelight:cleaver":1,"minecraft:iron_chestplate":1,"minecraft:stick":256,"minecraft:iron_ingot":32,"minecraft:iron_block":3,"minecraft:stone_sword":3,"minecraft:shears":1,"minecraft:cobbled_deepslate_slab":132,"minecraft:stone_shovel":1,"minecraft:iron_nugget":9,"minecraft:furnace":15,"minecraft:stone_pickaxe":17,"minecraft:diamond_boots":2,"butchersdelight:hook":1,"toughasnails:leaf_chestplate":1,"minecraft:iron_sword":1,"minecraft:bucket":4,"minecraft:stone_axe":2,"minecraft:air":0,"onlyhammersandexcavators:stone_excavator":4,"minecraft:wooden_axe":2,"minecraft:birch_trapdoor":2,"minecraft:iron_leggings":1,"minecraft:anvil":1,"minecraft:white_bed":1,"minecraft:torch":488,"minecraft:diamond_chestplate":1}},"DataVersion":3120}