{"stats":{"minecraft:mined":{"minecraft:birch_log":3,"minecraft:oak_leaves":9},"minecraft:custom":{"minecraft:time_since_rest":77730,"minecraft:open_chest":1,"minecraft:crouch_one_cm":480,"minecraft:walk_one_cm":12262,"minecraft:sprint_one_cm":29479,"minecraft:play_time":167429,"minecraft:deaths":1,"minecraft:sneak_time":2032,"minecraft:walk_under_water_one_cm":16613,"minecraft:mob_kills":1,"minecraft:jump":108,"minecraft:damage_dealt":3406,"minecraft:leave_game":5,"minecraft:walk_on_water_one_cm":4836,"minecraft:time_since_death":77690,"minecraft:climb_one_cm":892,"minecraft:total_world_time":167429,"minecraft:damage_resisted":10,"minecraft:swim_one_cm":11625,"minecraft:talked_to_villager":1,"minecraft:fall_one_cm":1171,"minecraft:fly_one_cm":805138},"minecraft:picked_up":{"minecraft:birch_log":3,"minecraft:oak_sapling":1},"minecraft:killed":{"man:managgresive":1},"minecraft:used":{"minecraft:oak_leaves":2,"born_in_chaos_v1:zombie_lumberjack_spawn_egg":1,"minecraft:ender_eye":16,"born_in_chaos_v1:zombie_bruiser_spawn_egg":1,"minecraft:birch_log":3,"born_in_chaos_v1:zombie_fisherman_spawn_egg":1}},"DataVersion":3120}