{"stats":{"minecraft:used":{"minecraft:stone_sword":160,"minecraft:dispenser":15,"minecraft:redstone":103,"minecraft:chest":10,"minecraft:spruce_planks":1,"minecraft:torch":215,"minecraft:dirt":15,"minecraft:tuff":45,"minecraft:granite":33,"minecraft:wooden_axe":61,"minecraft:lantern":4,"born_in_chaos_v1:zombie_fisherman_spawn_egg":1,"onlyhammersandexcavators:stone_hammer":6885,"minecraft:bedrock":3,"minecraft:repeater":21,"minecraft:birch_trapdoor":3,"minecraft:gray_glazed_terracotta":3,"tombstone:gift":4,"undead_revamp2:arapholia":2,"minecraft:cobbled_deepslate":382,"minecraft:observer":28,"minecraft:water_bucket":1,"born_in_chaos_v1:zombie_lumberjack_spawn_egg":1,"minecraft:diorite":23,"minecraft:birch_planks":5,"minecraft:oak_planks":37,"minecraft:stone_pickaxe":975,"minecraft:wooden_pickaxe":59,"minecraft:oak_leaves":2,"minecraft:golden_apple":1,"minecraft:mossy_cobblestone":6,"minecraft:sand":23,"minecraft:comparator":4,"minecraft:oak_slab":1,"born_in_chaos_v1:zombie_bruiser_spawn_egg":1,"minecraft:crafting_table":5,"minecraft:red_bed":1,"minecraft:white_bed":3,"minecraft:book":2,"minecraft:redstone_torch":19,"minecraft:sticky_piston":18,"minecraft:piston":11,"minecraft:ender_eye":16,"minecraft:diamond_pickaxe":384,"minecraft:daylight_detector":2,"minecraft:command_block":2,"minecraft:birch_slab":5,"minecraft:deepslate":299,"minecraft:gravel":7,"minecraft:stone_axe":19,"minecraft:green_carpet":27,"minecraft:cobblestone":131,"minecraft:cobbled_deepslate_slab":6,"minecraft:andesite":9,"minecraft:bucket":1,"minecraft:birch_log":3},"minecraft:mined":{"undead_revamp2:arapholia":1,"minecraft:tuff":255,"minecraft:spruce_planks":2,"minecraft:white_bed":2,"minecraft:mossy_cobblestone":6,"minecraft:deepslate_diamond_ore":44,"minecraft:gray_glazed_terracotta":3,"minecraft:gray_stained_glass_pane":2,"minecraft:granite":59,"minecraft:grass_block":7,"born_in_chaos_v1:black_argillite":6,"minecraft:birch_slab":1,"minecraft:redstone_ore":5,"minecraft:iron_ore":68,"minecraft:cobbled_deepslate":64,"minecraft:andesite":59,"minecraft:pumpkin":3,"treechop:chopped_log":10,"minecraft:deepslate_iron_ore":9,"minecraft:lantern":3,"minecraft:green_carpet":27,"minecraft:stone":1981,"supplementaries:book_pile_horizontal":2,"minecraft:deepslate_redstone_ore":52,"thestarvedstalker:hungering_soil":3,"minecraft:red_bed":1,"minecraft:crafting_table":3,"minecraft:torch":13,"minecraft:note_block":4,"minecraft:dark_oak_wood":2,"minecraft:campfire":1,"minecraft:copper_ore":59,"minecraft:cobblestone":30,"minecraft:lapis_ore":7,"minecraft:deepslate_gold_ore":22,"minecraft:oak_planks":10,"minecraft:diorite":224,"minecraft:wall_torch":6,"farmersdelight:wild_beetroots":13,"minecraft:chain":5,"minecraft:gray_wool":16,"minecraft:birch_planks":3,"farmersdelight:sandy_shrub":9,"minecraft:birch_log":3,"minecraft:birch_trapdoor":1,"minecraft:birch_leaves":1,"minecraft:stone_brick_stairs":2,"minecraft:grass":6,"minecraft:coal_ore":141,"minecraft:gravel":37,"minecraft:sand":15,"minecraft:dirt":16,"minecraft:oak_leaves":15,"minecraft:deepslate":4447},"minecraft:picked_up":{"minecraft:charcoal":2,"born_in_chaos_v1:diamond_termite_shard":7,"minecraft:crafting_table":3,"minecraft:stone_brick_stairs":2,"minecraft:chain":5,"born_in_chaos_v1:black_argillite":6,"minecraft:string":1,"minecraft:red_bed":1,"minecraft:raw_copper":395,"butchersdelight:dead_cow":4,"minecraft:beetroot":6,"minecraft:sea_pickle":1,"minecraft:cobbled_deepslate":4972,"minecraft:smooth_stone":3,"minecraft:bucket":5,"minecraft:spruce_planks":2,"minecraft:redstone_torch":2,"minecraft:birch_sapling":7,"minecraft:stick":22,"minecraft:raw_iron":180,"minecraft:birch_trapdoor":1,"minecraft:torch":75,"minecraft:note_block":4,"tombstone:grave_dust":1,"minecraft:diorite":194,"born_in_chaos_v1:pieceofdarkmetal":2,"minecraft:redstone":343,"butchersdelight:deadsheep":4,"minecraft:arrow":4,"minecraft:rotten_flesh":82,"minecraft:beetroot_seeds":15,"undead_revamp2:arapholia":2,"minecraft:white_wool":3,"minecraft:cobblestone":1951,"born_in_chaos_v1:fused_bone":1,"minecraft:birch_log":16,"born_in_chaos_v1:corpse_maggot":3,"minecraft:birch_slab":1,"minecraft:andesite":59,"minecraft:birch_planks":2,"butchersdelight:deadpig":3,"minecraft:flint":2,"minecraft:tuff":378,"minecraft:oak_log":57,"minecraft:lapis_lazuli":105,"minecraft:gray_concrete":2,"minecraft:lantern":4,"minecraft:dirt":24,"butchersdelight:deadchiken":1,"minecraft:bone":1,"minecraft:apple":22,"minecraft:bow":1,"minecraft:wheat_seeds":1,"minecraft:raw_gold":47,"minecraft:stone_pickaxe":5,"thestarvedstalker:hungering_soil":3,"minecraft:oak_planks":10,"minecraft:book":2,"minecraft:pumpkin":3,"minecraft:gray_glazed_terracotta":4,"minecraft:lava_bucket":1,"minecraft:gravel":39,"minecraft:sand":32,"minecraft:white_bed":2,"minecraft:green_carpet":27,"minecraft:spider_eye":1,"minecraft:mossy_cobblestone":6,"minecraft:diamond":144,"minecraft:lever":1,"minecraft:granite":47,"minecraft:gray_wool":16,"minecraft:bread":2,"onlyhammersandexcavators:stone_hammer":2,"minecraft:oak_sapling":28,"minecraft:dark_oak_wood":2,"minecraft:coal":245},"minecraft:killed":{"undead_revamp2:theimmortal":1,"minecraft:spider":1,"undead_revamp2:thesmoker":1,"born_in_chaos_v1:maggot":3,"minecraft:skeleton":2,"undead_revamp2:sucker":1,"born_in_chaos_v1:diamond_termite":9,"man:managgresive":1,"undead_revamp2:the_moonflower":1,"minecraft:sheep":3,"minecraft:zombie":9,"endofherobrine:sheep":1,"endofherobrine:pigman":1},"minecraft:crafted":{"minecraft:cobbled_deepslate_slab":6,"minecraft:oak_planks":172,"minecraft:stone_shovel":1,"minecraft:birch_slab":6,"minecraft:stone_pickaxe":15,"minecraft:chest":10,"onlyhammersandexcavators:stone_hammer":18,"minecraft:oak_slab":6,"minecraft:crafting_table":2,"minecraft:wooden_pickaxe":1,"minecraft:birch_planks":52,"minecraft:stone_axe":2,"minecraft:stick":164,"minecraft:birch_trapdoor":2,"minecraft:wooden_axe":1,"minecraft:stone_sword":2,"minecraft:white_bed":1,"minecraft:torch":360},"minecraft:custom":{"minecraft:mob_kills":35,"minecraft:interact_with_crafting_table":22,"minecraft:leave_game":13,"minecraft:time_since_death":35747,"minecraft:climb_one_cm":2458,"minecraft:damage_resisted":10,"minecraft:sprint_one_cm":575354,"minecraft:walk_one_cm":428960,"minecraft:drop":69,"minecraft:play_noteblock":9,"minecraft:talked_to_villager":4,"minecraft:play_time":824247,"minecraft:deaths":43,"minecraft:sneak_time":73837,"minecraft:walk_under_water_one_cm":26183,"minecraft:jump":2190,"minecraft:walk_on_water_one_cm":24973,"minecraft:total_world_time":824247,"minecraft:interact_with_furnace":2,"minecraft:tune_noteblock":2,"minecraft:sleep_in_bed":7,"minecraft:time_since_rest":35008,"minecraft:damage_absorbed":40,"minecraft:damage_taken":13682,"tombstone:sneak_grave":2,"minecraft:damage_dealt":9929,"minecraft:swim_one_cm":27309,"minecraft:fly_one_cm":1315934,"minecraft:open_chest":163,"minecraft:crouch_one_cm":114722,"tombstone:undead_killed":15,"minecraft:fall_one_cm":55274,"minecraft:inspect_dispenser":24},"minecraft:killed_by":{"minecraft:player":2,"creeping_x:creeping_x":1,"minecraft:creeper":1,"endofherobrine:lurker":1,"goat_man:goat_man":2,"endofherobrine:sheep":1,"sanitydim:rotting_stalker":1,"mimicer:mimicer":2,"sanitydim:sneaking_terror":1},"minecraft:dropped":{"minecraft:oak_slab":5,"minecraft:wheat_seeds":1,"minecraft:cobblestone":11,"minecraft:dirt":2,"minecraft:gray_concrete":2,"minecraft:diorite":56,"minecraft:torch":84,"minecraft:dark_oak_wood":2,"minecraft:smooth_stone":3,"minecraft:bucket":3,"onlyhammersandexcavators:stone_hammer":5,"minecraft:cobbled_deepslate":2254,"minecraft:tuff":41,"minecraft:beetroot":3,"minecraft:andesite":12,"born_in_chaos_v1:corpse_maggot":2,"minecraft:stone_pickaxe":6},"minecraft:broken":{"minecraft:stone_sword":1,"minecraft:wooden_pickaxe":1,"minecraft:stone_pickaxe":6,"onlyhammersandexcavators:stone_hammer":10,"minecraft:wooden_axe":1}},"DataVersion":3120}