{"stats":{"minecraft:used":{"minecraft:stone_sword":132,"minecraft:chest":6,"minecraft:torch":116,"minecraft:dirt":14,"minecraft:tuff":36,"minecraft:granite":30,"minecraft:wooden_axe":61,"minecraft:lantern":4,"born_in_chaos_v1:zombie_fisherman_spawn_egg":1,"onlyhammersandexcavators:stone_hammer":2161,"minecraft:birch_trapdoor":3,"minecraft:gray_glazed_terracotta":2,"tombstone:gift":4,"undead_revamp2:arapholia":1,"minecraft:cobbled_deepslate":69,"born_in_chaos_v1:zombie_lumberjack_spawn_egg":1,"minecraft:diorite":3,"minecraft:birch_planks":3,"minecraft:stone_pickaxe":879,"minecraft:oak_planks":37,"minecraft:wooden_pickaxe":59,"minecraft:oak_leaves":2,"minecraft:golden_apple":1,"minecraft:mossy_cobblestone":3,"minecraft:sand":23,"born_in_chaos_v1:zombie_bruiser_spawn_egg":1,"minecraft:oak_slab":1,"minecraft:crafting_table":5,"minecraft:red_bed":1,"minecraft:white_bed":2,"minecraft:book":2,"minecraft:ender_eye":16,"minecraft:diamond_pickaxe":103,"minecraft:birch_slab":3,"minecraft:gravel":7,"minecraft:stone_axe":15,"minecraft:green_carpet":27,"minecraft:cobblestone":126,"minecraft:birch_log":3},"minecraft:mined":{"undead_revamp2:arapholia":1,"minecraft:tuff":250,"minecraft:white_bed":1,"minecraft:mossy_cobblestone":3,"minecraft:deepslate_diamond_ore":19,"minecraft:gray_glazed_terracotta":3,"minecraft:gray_stained_glass_pane":2,"minecraft:granite":42,"minecraft:grass_block":1,"born_in_chaos_v1:black_argillite":6,"minecraft:birch_slab":1,"minecraft:cobbled_deepslate":15,"minecraft:pumpkin":3,"treechop:chopped_log":10,"minecraft:deepslate_iron_ore":6,"minecraft:lantern":3,"minecraft:green_carpet":27,"minecraft:stone":270,"supplementaries:book_pile_horizontal":2,"minecraft:deepslate_redstone_ore":32,"minecraft:red_bed":1,"minecraft:crafting_table":3,"minecraft:torch":10,"minecraft:campfire":1,"minecraft:cobblestone":30,"minecraft:copper_ore":12,"minecraft:deepslate_gold_ore":9,"minecraft:oak_planks":10,"minecraft:diorite":47,"minecraft:wall_torch":4,"farmersdelight:wild_beetroots":13,"minecraft:chain":5,"minecraft:gray_wool":16,"farmersdelight:sandy_shrub":9,"minecraft:birch_log":3,"minecraft:birch_trapdoor":1,"minecraft:birch_leaves":1,"minecraft:stone_brick_stairs":2,"minecraft:grass":2,"minecraft:coal_ore":66,"minecraft:gravel":25,"minecraft:sand":15,"minecraft:dirt":15,"minecraft:oak_leaves":15,"minecraft:deepslate":2153},"minecraft:picked_up":{"minecraft:charcoal":2,"minecraft:crafting_table":3,"born_in_chaos_v1:diamond_termite_shard":7,"minecraft:stone_brick_stairs":2,"minecraft:chain":5,"born_in_chaos_v1:black_argillite":6,"minecraft:string":1,"minecraft:red_bed":1,"minecraft:raw_copper":42,"minecraft:beetroot":6,"minecraft:sea_pickle":1,"minecraft:cobbled_deepslate":2128,"minecraft:birch_sapling":7,"minecraft:stick":22,"minecraft:raw_iron":11,"minecraft:birch_trapdoor":1,"minecraft:torch":18,"tombstone:grave_dust":1,"minecraft:diorite":47,"minecraft:redstone":183,"born_in_chaos_v1:pieceofdarkmetal":2,"butchersdelight:deadsheep":3,"minecraft:arrow":4,"minecraft:rotten_flesh":79,"minecraft:beetroot_seeds":15,"undead_revamp2:arapholia":1,"minecraft:white_wool":3,"minecraft:cobblestone":292,"born_in_chaos_v1:fused_bone":1,"minecraft:birch_log":16,"born_in_chaos_v1:corpse_maggot":3,"minecraft:birch_slab":1,"butchersdelight:deadpig":3,"minecraft:flint":1,"minecraft:tuff":245,"minecraft:oak_log":57,"minecraft:dirt":17,"minecraft:lantern":4,"butchersdelight:deadchiken":1,"minecraft:apple":22,"minecraft:bow":1,"minecraft:wheat_seeds":1,"minecraft:raw_gold":27,"minecraft:oak_planks":10,"minecraft:book":2,"minecraft:pumpkin":3,"minecraft:gray_glazed_terracotta":3,"minecraft:gravel":23,"minecraft:sand":32,"minecraft:white_bed":1,"minecraft:green_carpet":27,"minecraft:spider_eye":1,"minecraft:mossy_cobblestone":3,"minecraft:diamond":46,"minecraft:granite":42,"minecraft:gray_wool":16,"minecraft:bread":2,"minecraft:oak_sapling":28,"minecraft:coal":94},"minecraft:killed_by":{"minecraft:player":1,"minecraft:creeper":1,"goat_man:goat_man":2,"sanitydim:rotting_stalker":1,"sanitydim:sneaking_terror":1},"minecraft:custom":{"minecraft:mob_kills":30,"minecraft:interact_with_crafting_table":16,"minecraft:leave_game":10,"minecraft:time_since_death":13447,"minecraft:climb_one_cm":2024,"minecraft:damage_resisted":10,"minecraft:sprint_one_cm":328766,"minecraft:walk_one_cm":240766,"minecraft:drop":24,"minecraft:play_noteblock":2,"minecraft:talked_to_villager":4,"minecraft:play_time":502689,"minecraft:deaths":23,"minecraft:sneak_time":55194,"minecraft:walk_under_water_one_cm":26183,"minecraft:jump":1379,"minecraft:walk_on_water_one_cm":23602,"minecraft:total_world_time":502689,"minecraft:sleep_in_bed":7,"minecraft:time_since_rest":13344,"minecraft:damage_taken":5888,"minecraft:damage_absorbed":40,"tombstone:sneak_grave":1,"minecraft:damage_dealt":8541,"minecraft:fly_one_cm":1042930,"minecraft:swim_one_cm":27309,"minecraft:open_chest":45,"minecraft:crouch_one_cm":83342,"tombstone:undead_killed":13,"minecraft:fall_one_cm":31384},"minecraft:broken":{"minecraft:stone_sword":1,"minecraft:wooden_pickaxe":1,"minecraft:stone_pickaxe":6,"onlyhammersandexcavators:stone_hammer":3,"minecraft:wooden_axe":1},"minecraft:killed":{"undead_revamp2:theimmortal":1,"minecraft:spider":1,"undead_revamp2:thesmoker":1,"born_in_chaos_v1:maggot":3,"minecraft:skeleton":2,"born_in_chaos_v1:diamond_termite":8,"man:managgresive":1,"minecraft:sheep":3,"minecraft:zombie":9,"endofherobrine:pigman":1},"minecraft:crafted":{"minecraft:oak_planks":116,"minecraft:stone_shovel":1,"minecraft:birch_slab":6,"minecraft:stone_pickaxe":15,"minecraft:chest":6,"onlyhammersandexcavators:stone_hammer":8,"minecraft:oak_slab":6,"minecraft:crafting_table":2,"minecraft:wooden_pickaxe":1,"minecraft:birch_planks":52,"minecraft:stone_axe":1,"minecraft:stick":84,"minecraft:wooden_axe":1,"minecraft:birch_trapdoor":2,"minecraft:stone_sword":1,"minecraft:white_bed":1,"minecraft:torch":160},"minecraft:dropped":{"minecraft:oak_slab":5,"minecraft:wheat_seeds":1,"minecraft:cobblestone":1,"minecraft:dirt":2,"minecraft:torch":32,"minecraft:cobbled_deepslate":512,"onlyhammersandexcavators:stone_hammer":4,"minecraft:beetroot":3,"born_in_chaos_v1:corpse_maggot":2,"minecraft:stone_pickaxe":5}},"DataVersion":3120}