{"stats":{"minecraft:dropped":{"minecraft:oak_slab":5,"minecraft:wheat_seeds":1,"minecraft:cobblestone":396,"minecraft:dirt":2,"minecraft:gray_concrete":2,"minecraft:diorite":177,"minecraft:torch":84,"minecraft:dark_oak_wood":2,"minecraft:smooth_stone":3,"minecraft:bucket":3,"minecraft:bone":1,"minecraft:gravel":5,"onlyhammersandexcavators:stone_hammer":5,"minecraft:cobbled_deepslate":3070,"minecraft:tuff":59,"minecraft:beetroot":3,"minecraft:flint_and_steel":1,"minecraft:andesite":12,"born_in_chaos_v1:corpse_maggot":2,"minecraft:stone_pickaxe":6},"minecraft:crafted":{"minecraft:cobbled_deepslate_slab":6,"minecraft:oak_planks":224,"minecraft:cobblestone_slab":72,"minecraft:stone_shovel":1,"minecraft:birch_slab":6,"minecraft:furnace":7,"minecraft:stone_pickaxe":17,"minecraft:chest":10,"onlyhammersandexcavators:stone_hammer":32,"minecraft:oak_slab":6,"minecraft:crafting_table":3,"minecraft:wooden_pickaxe":1,"minecraft:birch_planks":52,"minecraft:stone_axe":2,"minecraft:air":0,"minecraft:iron_ingot":32,"minecraft:stick":252,"onlyhammersandexcavators:stone_excavator":4,"minecraft:birch_trapdoor":2,"minecraft:wooden_axe":2,"minecraft:stone_sword":2,"minecraft:white_bed":1,"minecraft:torch":488},"minecraft:mined":{"undead_revamp2:arapholia":1,"minecraft:tuff":514,"minecraft:spruce_planks":2,"minecraft:white_bed":3,"minecraft:mossy_cobblestone":6,"minecraft:deepslate_diamond_ore":68,"minecraft:gray_glazed_terracotta":3,"minecraft:gray_stained_glass_pane":2,"minecraft:glow_lichen":1,"minecraft:granite":154,"minecraft:grass_block":7,"born_in_chaos_v1:black_argillite":8,"minecraft:birch_slab":1,"minecraft:redstone_ore":5,"minecraft:furnace":1,"minecraft:iron_ore":135,"minecraft:cobbled_deepslate":87,"minecraft:fire":1,"minecraft:andesite":334,"minecraft:pumpkin":3,"treechop:chopped_log":31,"minecraft:deepslate_lapis_ore":4,"minecraft:deepslate_iron_ore":19,"minecraft:lantern":3,"minecraft:green_carpet":29,"minecraft:stone":3852,"supplementaries:book_pile_horizontal":2,"minecraft:deepslate_redstone_ore":88,"thestarvedstalker:hungering_soil":3,"minecraft:red_bed":4,"minecraft:crafting_table":3,"minecraft:torch":20,"minecraft:note_block":4,"minecraft:dark_oak_wood":2,"minecraft:chest":1,"minecraft:campfire":1,"minecraft:copper_ore":73,"minecraft:cobblestone":45,"minecraft:deepslate_gold_ore":36,"minecraft:lapis_ore":12,"minecraft:oak_planks":10,"minecraft:diorite":542,"minecraft:wall_torch":9,"farmersdelight:wild_beetroots":13,"minecraft:chain":5,"minecraft:gray_wool":16,"minecraft:birch_planks":3,"farmersdelight:sandy_shrub":9,"minecraft:birch_log":3,"minecraft:birch_trapdoor":1,"minecraft:birch_leaves":1,"minecraft:stone_brick_stairs":2,"minecraft:grass":9,"minecraft:oak_log":2,"minecraft:coal_ore":159,"minecraft:gravel":93,"minecraft:sand":15,"minecraft:dirt":17,"minecraft:gold_ore":20,"minecraft:oak_leaves":17,"minecraft:deepslate":8400},"minecraft:killed_by":{"minecraft:player":2,"creeping_x:creeping_x":2,"minecraft:creeper":1,"endofherobrine:lurker":1,"goat_man:goat_man":2,"endofherobrine:sheep":1,"sanitydim:rotting_stalker":1,"mimicer:mimicer":2,"sanitydim:sneaking_terror":1},"minecraft:picked_up":{"minecraft:charcoal":2,"minecraft:crafting_table":3,"born_in_chaos_v1:diamond_termite_shard":12,"minecraft:stone_brick_stairs":2,"pocket_pets:nigriceps_ant_leg":1,"minecraft:chain":5,"born_in_chaos_v1:black_argillite":6,"minecraft:string":1,"minecraft:red_bed":4,"minecraft:raw_copper":498,"butchersdelight:dead_cow":5,"minecraft:beetroot":6,"minecraft:sea_pickle":1,"minecraft:cobbled_deepslate":7045,"minecraft:smooth_stone":3,"minecraft:bucket":5,"minecraft:spruce_planks":2,"minecraft:redstone_torch":2,"minecraft:chest":1,"minecraft:birch_sapling":18,"minecraft:furnace":1,"minecraft:stick":66,"minecraft:raw_iron":333,"minecraft:birch_trapdoor":1,"minecraft:torch":140,"minecraft:note_block":4,"tombstone:grave_dust":1,"minecraft:diorite":333,"born_in_chaos_v1:pieceofdarkmetal":2,"minecraft:redstone":561,"butchersdelight:deadsheep":4,"minecraft:arrow":4,"minecraft:rotten_flesh":83,"minecraft:beetroot_seeds":15,"undead_revamp2:arapholia":2,"minecraft:white_wool":3,"minecraft:cobblestone":2434,"born_in_chaos_v1:fused_bone":1,"minecraft:birch_log":42,"born_in_chaos_v1:corpse_maggot":3,"minecraft:birch_slab":1,"minecraft:andesite":170,"minecraft:birch_planks":2,"butchersdelight:deadpig":3,"minecraft:flint":7,"minecraft:tuff":523,"minecraft:oak_log":168,"minecraft:gunpowder":2,"minecraft:lapis_lazuli":167,"minecraft:gray_concrete":2,"minecraft:lantern":4,"minecraft:dirt":24,"butchersdelight:deadchiken":2,"minecraft:bone":2,"minecraft:apple":31,"minecraft:bow":1,"minecraft:wheat_seeds":1,"minecraft:raw_gold":114,"minecraft:stone_pickaxe":5,"thestarvedstalker:hungering_soil":3,"minecraft:oak_planks":10,"minecraft:book":2,"minecraft:pumpkin":3,"minecraft:gray_glazed_terracotta":4,"minecraft:lava_bucket":1,"minecraft:gravel":88,"minecraft:sand":35,"minecraft:white_bed":3,"minecraft:green_carpet":29,"minecraft:spider_eye":1,"minecraft:mossy_cobblestone":6,"minecraft:diamond":191,"minecraft:lever":1,"minecraft:granite":111,"minecraft:gray_wool":16,"minecraft:bread":2,"onlyhammersandexcavators:stone_hammer":2,"minecraft:oak_sapling":97,"minecraft:dark_oak_wood":2,"minecraft:coal":278},"minecraft:used":{"minecraft:stone_sword":219,"minecraft:flint_and_steel":2,"minecraft:dispenser":15,"minecraft:redstone":103,"minecraft:chest":11,"minecraft:spruce_planks":2,"minecraft:torch":329,"minecraft:dirt":15,"minecraft:tuff":45,"minecraft:granite":34,"minecraft:wooden_axe":62,"minecraft:villager_spawn_egg":1,"minecraft:lantern":4,"minecraft:grass_block":2,"born_in_chaos_v1:zombie_fisherman_spawn_egg":1,"onlyhammersandexcavators:stone_hammer":14430,"minecraft:stone_bricks":1,"minecraft:bedrock":3,"minecraft:repeater":21,"minecraft:birch_trapdoor":3,"minecraft:gray_glazed_terracotta":3,"minecraft:furnace":8,"tombstone:gift":5,"undead_revamp2:arapholia":2,"minecraft:cooked_beef":2,"minecraft:cobbled_deepslate":646,"minecraft:observer":28,"minecraft:water_bucket":1,"born_in_chaos_v1:zombie_lumberjack_spawn_egg":1,"minecraft:diorite":64,"minecraft:birch_planks":5,"minecraft:oak_planks":37,"minecraft:stone_pickaxe":1073,"minecraft:wooden_pickaxe":59,"minecraft:cobblestone_slab":3,"minecraft:oak_leaves":2,"minecraft:golden_apple":1,"minecraft:mossy_cobblestone":6,"minecraft:sand":23,"onlyhammersandexcavators:stone_excavator":60,"minecraft:comparator":4,"minecraft:oak_slab":1,"born_in_chaos_v1:zombie_bruiser_spawn_egg":1,"minecraft:crafting_table":6,"minecraft:red_bed":4,"minecraft:white_bed":4,"minecraft:book":2,"minecraft:redstone_torch":19,"minecraft:sticky_piston":18,"minecraft:piston":11,"minecraft:ender_eye":16,"minecraft:diamond_pickaxe":602,"minecraft:daylight_detector":2,"minecraft:command_block":2,"minecraft:birch_slab":5,"minecraft:deepslate":301,"minecraft:gravel":7,"minecraft:stone_axe":151,"minecraft:green_carpet":29,"minecraft:cobblestone":357,"minecraft:cobbled_deepslate_slab":6,"minecraft:andesite":16,"minecraft:bucket":1,"minecraft:birch_log":3,"pocket_pets:nigriceps_ant_leg":1},"minecraft:killed":{"undead_revamp2:theimmortal":1,"minecraft:spider":1,"sanitydim:rotting_stalker":1,"undead_revamp2:thesmoker":1,"born_in_chaos_v1:maggot":3,"minecraft:skeleton":2,"bloodandmadness:church_doctor_scythe":1,"undead_revamp2:sucker":1,"loud_dweller:loud_dweller":2,"born_in_chaos_v1:diamond_termite":14,"man:managgresive":1,"undead_revamp2:the_moonflower":1,"minecraft:sheep":3,"minecraft:zombie":9,"creeping_x:creeping_x":1,"endofherobrine:sheep":1,"endofherobrine:pigman":1},"minecraft:custom":{"minecraft:mob_kills":46,"minecraft:interact_with_crafting_table":27,"minecraft:open_barrel":1,"minecraft:damage_dealt_resisted":15,"minecraft:leave_game":22,"minecraft:time_since_death":3342,"minecraft:climb_one_cm":3760,"minecraft:damage_resisted":23980,"minecraft:sprint_one_cm":822768,"minecraft:walk_one_cm":650254,"minecraft:drop":106,"minecraft:play_noteblock":9,"minecraft:talked_to_villager":8,"minecraft:play_time":1147076,"minecraft:deaths":58,"minecraft:sneak_time":88876,"minecraft:walk_under_water_one_cm":29776,"minecraft:interact_with_lectern":5,"minecraft:jump":2949,"minecraft:walk_on_water_one_cm":65102,"minecraft:total_world_time":1147076,"minecraft:interact_with_furnace":44,"minecraft:tune_noteblock":2,"minecraft:sleep_in_bed":7,"minecraft:time_since_rest":3182,"minecraft:damage_absorbed":40,"minecraft:damage_taken":19602,"tombstone:sneak_grave":3,"minecraft:damage_dealt":23794,"minecraft:swim_one_cm":29356,"minecraft:fly_one_cm":2215850,"minecraft:open_chest":301,"minecraft:crouch_one_cm":137497,"tombstone:undead_killed":15,"minecraft:fall_one_cm":83699,"minecraft:inspect_dispenser":24},"minecraft:broken":{"minecraft:stone_sword":1,"minecraft:wooden_pickaxe":1,"minecraft:stone_pickaxe":8,"onlyhammersandexcavators:stone_hammer":22,"minecraft:stone_axe":1,"minecraft:wooden_axe":1}},"DataVersion":3120}