{"stats":{"minecraft:used":{"born_in_chaos_v1:zombie_lumberjack_spawn_egg":1,"minecraft:stone_sword":29,"minecraft:stone_pickaxe":13,"minecraft:oak_planks":24,"minecraft:wooden_pickaxe":54,"minecraft:oak_leaves":2,"minecraft:sand":12,"born_in_chaos_v1:zombie_bruiser_spawn_egg":1,"minecraft:oak_slab":1,"minecraft:crafting_table":4,"minecraft:wooden_axe":61,"minecraft:ender_eye":16,"born_in_chaos_v1:zombie_fisherman_spawn_egg":1,"minecraft:stone_axe":8,"minecraft:cobblestone":44,"minecraft:birch_log":3,"tombstone:gift":1},"minecraft:mined":{"minecraft:crafting_table":3,"minecraft:grass_block":1,"minecraft:copper_ore":12,"minecraft:cobblestone":6,"minecraft:oak_planks":7,"minecraft:birch_log":3,"minecraft:birch_leaves":1,"treechop:chopped_log":10,"minecraft:grass":2,"minecraft:sand":6,"minecraft:stone":49,"minecraft:oak_leaves":15},"minecraft:picked_up":{"born_in_chaos_v1:fused_bone":1,"minecraft:birch_log":16,"minecraft:crafting_table":3,"butchersdelight:deadpig":3,"minecraft:oak_log":57,"minecraft:dirt":2,"minecraft:string":1,"minecraft:raw_copper":42,"butchersdelight:deadchiken":1,"minecraft:apple":3,"minecraft:bow":1,"minecraft:wheat_seeds":1,"minecraft:birch_sapling":7,"minecraft:oak_planks":7,"minecraft:stick":22,"minecraft:sand":23,"minecraft:spider_eye":1,"minecraft:arrow":2,"butchersdelight:deadsheep":1,"minecraft:rotten_flesh":3,"minecraft:bread":2,"minecraft:oak_sapling":28,"minecraft:white_wool":1,"minecraft:cobblestone":53},"minecraft:killed_by":{"sanitydim:sneaking_terror":1,"sanitydim:rotting_stalker":1},"minecraft:custom":{"minecraft:mob_kills":6,"minecraft:interact_with_crafting_table":6,"minecraft:leave_game":6,"minecraft:time_since_death":12992,"minecraft:climb_one_cm":892,"minecraft:damage_resisted":10,"minecraft:time_since_rest":12043,"minecraft:sprint_one_cm":93550,"minecraft:damage_taken":757,"minecraft:walk_one_cm":44625,"minecraft:damage_dealt":4717,"minecraft:swim_one_cm":18206,"minecraft:talked_to_villager":1,"minecraft:fly_one_cm":847463,"minecraft:open_chest":1,"minecraft:crouch_one_cm":26246,"minecraft:play_time":244511,"tombstone:undead_killed":2,"minecraft:deaths":5,"minecraft:sneak_time":15436,"minecraft:walk_under_water_one_cm":17961,"minecraft:jump":495,"minecraft:walk_on_water_one_cm":14459,"minecraft:total_world_time":244511,"minecraft:fall_one_cm":7645},"minecraft:broken":{"minecraft:wooden_axe":1},"minecraft:killed":{"man:managgresive":1,"minecraft:spider":1,"undead_revamp2:thesmoker":1,"minecraft:sheep":1,"minecraft:skeleton":1,"endofherobrine:pigman":1},"minecraft:crafted":{"minecraft:oak_slab":6,"minecraft:oak_planks":116,"minecraft:stone_shovel":1,"minecraft:crafting_table":1,"minecraft:wooden_pickaxe":1,"minecraft:birch_planks":28,"minecraft:stone_axe":1,"minecraft:stick":4,"minecraft:stone_pickaxe":1,"minecraft:wooden_axe":1,"minecraft:stone_sword":1}},"DataVersion":3120}