{"stats":{"minecraft:used":{"minecraft:wooden_axe":15,"born_in_chaos_v1:zombie_lumberjack_spawn_egg":1,"minecraft:ender_eye":16,"born_in_chaos_v1:zombie_fisherman_spawn_egg":1,"minecraft:oak_leaves":2,"born_in_chaos_v1:zombie_bruiser_spawn_egg":1,"minecraft:crafting_table":1,"minecraft:birch_log":3,"tombstone:gift":1},"minecraft:mined":{"minecraft:birch_log":3,"minecraft:birch_leaves":1,"treechop:chopped_log":2,"minecraft:crafting_table":1,"minecraft:oak_leaves":11},"minecraft:picked_up":{"minecraft:birch_log":10,"minecraft:stick":1,"minecraft:crafting_table":1,"minecraft:oak_log":4,"minecraft:oak_sapling":3,"minecraft:birch_sapling":3},"minecraft:custom":{"minecraft:time_since_rest":2327,"minecraft:sprint_one_cm":38484,"minecraft:walk_one_cm":15377,"minecraft:mob_kills":1,"minecraft:damage_dealt":3406,"minecraft:talked_to_villager":1,"minecraft:swim_one_cm":13979,"minecraft:interact_with_crafting_table":1,"minecraft:fly_one_cm":813666,"minecraft:open_chest":1,"minecraft:crouch_one_cm":505,"minecraft:play_time":196511,"minecraft:deaths":3,"minecraft:sneak_time":2050,"minecraft:walk_under_water_one_cm":17514,"minecraft:jump":143,"minecraft:leave_game":6,"minecraft:time_since_death":2715,"minecraft:walk_on_water_one_cm":8479,"minecraft:total_world_time":196511,"minecraft:climb_one_cm":892,"minecraft:damage_resisted":10,"minecraft:fall_one_cm":1988},"minecraft:killed":{"man:managgresive":1},"minecraft:crafted":{"minecraft:crafting_table":1,"minecraft:stick":4,"minecraft:wooden_pickaxe":1,"minecraft:wooden_axe":1,"minecraft:birch_planks":28}},"DataVersion":3120}