{"stats":{"minecraft:used":{"born_in_chaos_v1:zombie_lumberjack_spawn_egg":1,"minecraft:stone_sword":71,"minecraft:birch_planks":3,"minecraft:stone_pickaxe":69,"minecraft:oak_planks":37,"minecraft:chest":2,"minecraft:wooden_pickaxe":56,"minecraft:oak_leaves":2,"minecraft:torch":4,"minecraft:golden_apple":1,"minecraft:dirt":12,"born_in_chaos_v1:zombie_bruiser_spawn_egg":1,"minecraft:sand":23,"minecraft:oak_slab":1,"minecraft:crafting_table":5,"minecraft:red_bed":1,"minecraft:white_bed":2,"minecraft:ender_eye":16,"minecraft:wooden_axe":61,"minecraft:birch_slab":3,"minecraft:lantern":4,"born_in_chaos_v1:zombie_fisherman_spawn_egg":1,"minecraft:gravel":1,"minecraft:stone_axe":15,"minecraft:birch_trapdoor":3,"minecraft:green_carpet":4,"minecraft:cobblestone":49,"minecraft:gray_glazed_terracotta":2,"minecraft:birch_log":3,"tombstone:gift":1},"minecraft:mined":{"minecraft:white_bed":1,"minecraft:red_bed":1,"minecraft:gray_glazed_terracotta":3,"minecraft:torch":1,"minecraft:gray_stained_glass_pane":2,"minecraft:crafting_table":3,"minecraft:grass_block":1,"minecraft:campfire":1,"minecraft:copper_ore":12,"minecraft:cobblestone":7,"minecraft:birch_slab":1,"minecraft:oak_planks":10,"minecraft:gray_wool":15,"farmersdelight:wild_beetroots":13,"farmersdelight:sandy_shrub":9,"minecraft:birch_log":3,"minecraft:birch_trapdoor":1,"minecraft:birch_leaves":1,"minecraft:pumpkin":3,"treechop:chopped_log":10,"minecraft:grass":2,"minecraft:lantern":3,"minecraft:gravel":1,"minecraft:sand":15,"minecraft:dirt":13,"minecraft:green_carpet":22,"minecraft:stone":99,"minecraft:oak_leaves":15,"undead_revamp2:arapholia":1},"minecraft:picked_up":{"born_in_chaos_v1:fused_bone":1,"minecraft:birch_log":16,"born_in_chaos_v1:corpse_maggot":2,"minecraft:charcoal":2,"minecraft:crafting_table":3,"minecraft:birch_slab":1,"minecraft:flint":1,"butchersdelight:deadpig":3,"minecraft:oak_log":57,"minecraft:dirt":15,"minecraft:string":1,"minecraft:red_bed":1,"minecraft:lantern":4,"minecraft:raw_copper":42,"butchersdelight:deadchiken":1,"minecraft:beetroot":6,"minecraft:apple":22,"minecraft:sea_pickle":1,"minecraft:bow":1,"minecraft:wheat_seeds":1,"minecraft:birch_sapling":7,"minecraft:oak_planks":10,"minecraft:stick":22,"minecraft:pumpkin":3,"minecraft:gray_glazed_terracotta":3,"minecraft:birch_trapdoor":1,"minecraft:torch":1,"minecraft:gravel":1,"minecraft:sand":32,"minecraft:white_bed":1,"minecraft:green_carpet":22,"minecraft:spider_eye":1,"minecraft:arrow":4,"butchersdelight:deadsheep":3,"minecraft:rotten_flesh":73,"minecraft:beetroot_seeds":15,"minecraft:gray_wool":15,"minecraft:bread":2,"minecraft:oak_sapling":28,"undead_revamp2:arapholia":1,"minecraft:white_wool":3,"minecraft:cobblestone":102},"minecraft:killed_by":{"sanitydim:sneaking_terror":1,"minecraft:creeper":1,"sanitydim:rotting_stalker":1},"minecraft:custom":{"minecraft:mob_kills":14,"minecraft:interact_with_crafting_table":10,"minecraft:leave_game":10,"minecraft:time_since_death":3792,"minecraft:sleep_in_bed":2,"minecraft:climb_one_cm":1973,"minecraft:damage_resisted":10,"minecraft:time_since_rest":3755,"minecraft:damage_absorbed":40,"minecraft:sprint_one_cm":158535,"minecraft:damage_taken":2854,"minecraft:walk_one_cm":108282,"minecraft:drop":6,"minecraft:damage_dealt":6386,"minecraft:play_noteblock":2,"minecraft:swim_one_cm":27309,"minecraft:talked_to_villager":3,"minecraft:fly_one_cm":984291,"minecraft:open_chest":10,"minecraft:crouch_one_cm":34636,"minecraft:play_time":370689,"minecraft:sneak_time":22410,"tombstone:undead_killed":7,"minecraft:deaths":12,"minecraft:walk_under_water_one_cm":26183,"minecraft:jump":838,"minecraft:walk_on_water_one_cm":23602,"minecraft:total_world_time":370689,"minecraft:fall_one_cm":18723},"minecraft:broken":{"minecraft:wooden_axe":1},"minecraft:killed":{"undead_revamp2:theimmortal":1,"man:managgresive":1,"minecraft:spider":1,"undead_revamp2:thesmoker":1,"born_in_chaos_v1:maggot":1,"minecraft:sheep":3,"minecraft:skeleton":2,"minecraft:zombie":3,"endofherobrine:pigman":1},"minecraft:crafted":{"minecraft:oak_slab":6,"minecraft:oak_planks":116,"minecraft:stone_shovel":1,"minecraft:crafting_table":2,"minecraft:wooden_pickaxe":1,"minecraft:birch_slab":6,"minecraft:birch_planks":28,"minecraft:stone_axe":1,"minecraft:stick":4,"minecraft:birch_trapdoor":2,"minecraft:stone_pickaxe":1,"minecraft:wooden_axe":1,"minecraft:stone_sword":1,"minecraft:chest":2,"minecraft:white_bed":1,"minecraft:torch":4},"minecraft:dropped":{"minecraft:oak_slab":5,"minecraft:wheat_seeds":1,"minecraft:beetroot":3,"minecraft:cobblestone":1,"minecraft:dirt":2,"born_in_chaos_v1:corpse_maggot":2}},"DataVersion":3120}