{"stats":{"minecraft:used":{"minecraft:stone_sword":91,"minecraft:chest":2,"minecraft:torch":35,"minecraft:dirt":13,"minecraft:granite":25,"minecraft:wooden_axe":61,"minecraft:lantern":4,"born_in_chaos_v1:zombie_fisherman_spawn_egg":1,"minecraft:birch_trapdoor":3,"minecraft:gray_glazed_terracotta":2,"tombstone:gift":1,"born_in_chaos_v1:zombie_lumberjack_spawn_egg":1,"minecraft:birch_planks":3,"minecraft:stone_pickaxe":504,"minecraft:oak_planks":37,"minecraft:wooden_pickaxe":59,"minecraft:oak_leaves":2,"minecraft:golden_apple":1,"minecraft:sand":23,"born_in_chaos_v1:zombie_bruiser_spawn_egg":1,"minecraft:oak_slab":1,"minecraft:crafting_table":5,"minecraft:red_bed":1,"minecraft:white_bed":2,"minecraft:ender_eye":16,"minecraft:diamond_pickaxe":40,"minecraft:birch_slab":3,"minecraft:gravel":1,"minecraft:stone_axe":15,"minecraft:green_carpet":4,"minecraft:cobblestone":70,"minecraft:birch_log":3},"minecraft:mined":{"undead_revamp2:arapholia":1,"minecraft:tuff":6,"minecraft:white_bed":1,"minecraft:gray_glazed_terracotta":3,"minecraft:gray_stained_glass_pane":2,"minecraft:granite":36,"minecraft:grass_block":1,"born_in_chaos_v1:black_argillite":6,"minecraft:birch_slab":1,"minecraft:pumpkin":3,"treechop:chopped_log":10,"minecraft:deepslate_iron_ore":2,"minecraft:lantern":3,"minecraft:green_carpet":22,"minecraft:stone":270,"minecraft:red_bed":1,"minecraft:crafting_table":3,"minecraft:torch":4,"minecraft:campfire":1,"minecraft:cobblestone":12,"minecraft:copper_ore":12,"minecraft:deepslate_gold_ore":9,"minecraft:oak_planks":10,"minecraft:diorite":44,"farmersdelight:wild_beetroots":13,"minecraft:chain":2,"minecraft:gray_wool":15,"farmersdelight:sandy_shrub":9,"minecraft:birch_log":3,"minecraft:birch_trapdoor":1,"minecraft:birch_leaves":1,"minecraft:stone_brick_stairs":1,"minecraft:grass":2,"minecraft:coal_ore":66,"minecraft:gravel":1,"minecraft:sand":15,"minecraft:dirt":14,"minecraft:oak_leaves":15,"minecraft:deepslate":126},"minecraft:picked_up":{"minecraft:charcoal":2,"minecraft:crafting_table":3,"born_in_chaos_v1:diamond_termite_shard":4,"minecraft:stone_brick_stairs":1,"minecraft:chain":2,"born_in_chaos_v1:black_argillite":6,"minecraft:string":1,"minecraft:red_bed":1,"minecraft:raw_copper":42,"minecraft:beetroot":6,"minecraft:sea_pickle":1,"minecraft:cobbled_deepslate":125,"minecraft:birch_sapling":7,"minecraft:stick":22,"minecraft:raw_iron":4,"minecraft:birch_trapdoor":1,"minecraft:torch":4,"minecraft:diorite":44,"born_in_chaos_v1:pieceofdarkmetal":1,"butchersdelight:deadsheep":3,"minecraft:arrow":4,"minecraft:rotten_flesh":73,"minecraft:beetroot_seeds":15,"undead_revamp2:arapholia":1,"minecraft:white_wool":3,"minecraft:cobblestone":276,"born_in_chaos_v1:fused_bone":1,"minecraft:birch_log":16,"born_in_chaos_v1:corpse_maggot":2,"minecraft:birch_slab":1,"butchersdelight:deadpig":3,"minecraft:flint":1,"minecraft:tuff":6,"minecraft:oak_log":57,"minecraft:dirt":16,"minecraft:lantern":4,"butchersdelight:deadchiken":1,"minecraft:apple":22,"minecraft:bow":1,"minecraft:wheat_seeds":1,"minecraft:raw_gold":27,"minecraft:oak_planks":10,"minecraft:pumpkin":3,"minecraft:gray_glazed_terracotta":3,"minecraft:gravel":1,"minecraft:sand":32,"minecraft:white_bed":1,"minecraft:green_carpet":22,"minecraft:spider_eye":1,"minecraft:granite":36,"minecraft:gray_wool":15,"minecraft:bread":2,"minecraft:oak_sapling":28,"minecraft:coal":94},"minecraft:killed_by":{"minecraft:creeper":1,"sanitydim:rotting_stalker":1,"sanitydim:sneaking_terror":1},"minecraft:custom":{"minecraft:mob_kills":19,"minecraft:interact_with_crafting_table":11,"minecraft:leave_game":10,"minecraft:time_since_death":18782,"minecraft:climb_one_cm":1973,"minecraft:damage_resisted":10,"minecraft:sprint_one_cm":177373,"minecraft:walk_one_cm":125188,"minecraft:drop":6,"minecraft:play_noteblock":2,"minecraft:talked_to_villager":4,"minecraft:play_time":394689,"minecraft:deaths":14,"minecraft:sneak_time":37507,"minecraft:walk_under_water_one_cm":26183,"minecraft:jump":951,"minecraft:walk_on_water_one_cm":23602,"minecraft:total_world_time":394689,"minecraft:sleep_in_bed":3,"minecraft:time_since_rest":17831,"minecraft:damage_taken":3424,"minecraft:damage_absorbed":40,"tombstone:sneak_grave":1,"minecraft:damage_dealt":7071,"minecraft:fly_one_cm":992012,"minecraft:swim_one_cm":27309,"minecraft:open_chest":15,"minecraft:crouch_one_cm":53493,"tombstone:undead_killed":7,"minecraft:fall_one_cm":20800},"minecraft:broken":{"minecraft:wooden_pickaxe":1,"minecraft:stone_pickaxe":3,"minecraft:wooden_axe":1},"minecraft:killed":{"undead_revamp2:theimmortal":1,"minecraft:spider":1,"undead_revamp2:thesmoker":1,"born_in_chaos_v1:maggot":1,"minecraft:skeleton":2,"born_in_chaos_v1:diamond_termite":5,"man:managgresive":1,"minecraft:sheep":3,"minecraft:zombie":3,"endofherobrine:pigman":1},"minecraft:crafted":{"minecraft:oak_planks":116,"minecraft:stone_shovel":1,"minecraft:birch_slab":6,"minecraft:stone_pickaxe":4,"minecraft:chest":2,"minecraft:oak_slab":6,"minecraft:crafting_table":2,"minecraft:wooden_pickaxe":1,"minecraft:birch_planks":28,"minecraft:stone_axe":1,"minecraft:stick":4,"minecraft:wooden_axe":1,"minecraft:birch_trapdoor":2,"minecraft:stone_sword":1,"minecraft:white_bed":1,"minecraft:torch":32},"minecraft:dropped":{"minecraft:oak_slab":5,"minecraft:wheat_seeds":1,"minecraft:cobblestone":1,"minecraft:dirt":2,"minecraft:beetroot":3,"born_in_chaos_v1:corpse_maggot":2}},"DataVersion":3120}