{"stats":{"minecraft:used":{"minecraft:stone_sword":158,"minecraft:chest":10,"minecraft:torch":189,"minecraft:dirt":15,"minecraft:tuff":36,"minecraft:granite":32,"minecraft:wooden_axe":61,"minecraft:lantern":4,"born_in_chaos_v1:zombie_fisherman_spawn_egg":1,"onlyhammersandexcavators:stone_hammer":5917,"minecraft:birch_trapdoor":3,"minecraft:gray_glazed_terracotta":2,"tombstone:gift":4,"undead_revamp2:arapholia":1,"minecraft:cobbled_deepslate":271,"born_in_chaos_v1:zombie_lumberjack_spawn_egg":1,"minecraft:diorite":13,"minecraft:birch_planks":5,"minecraft:stone_pickaxe":952,"minecraft:oak_planks":37,"minecraft:wooden_pickaxe":59,"minecraft:oak_leaves":2,"minecraft:golden_apple":1,"minecraft:mossy_cobblestone":6,"minecraft:sand":23,"born_in_chaos_v1:zombie_bruiser_spawn_egg":1,"minecraft:oak_slab":1,"minecraft:crafting_table":5,"minecraft:red_bed":1,"minecraft:white_bed":2,"minecraft:book":2,"minecraft:ender_eye":16,"minecraft:diamond_pickaxe":329,"minecraft:birch_slab":5,"minecraft:gravel":7,"minecraft:stone_axe":19,"minecraft:green_carpet":27,"minecraft:cobblestone":131,"minecraft:andesite":9,"minecraft:birch_log":3},"minecraft:mined":{"undead_revamp2:arapholia":1,"minecraft:tuff":250,"minecraft:spruce_planks":1,"minecraft:white_bed":1,"minecraft:mossy_cobblestone":6,"minecraft:deepslate_diamond_ore":44,"minecraft:gray_glazed_terracotta":3,"minecraft:gray_stained_glass_pane":2,"minecraft:granite":46,"minecraft:grass_block":7,"born_in_chaos_v1:black_argillite":6,"minecraft:birch_slab":1,"minecraft:redstone_ore":5,"minecraft:iron_ore":52,"minecraft:cobbled_deepslate":55,"minecraft:andesite":37,"minecraft:pumpkin":3,"treechop:chopped_log":10,"minecraft:deepslate_iron_ore":9,"minecraft:lantern":3,"minecraft:green_carpet":27,"minecraft:stone":1252,"supplementaries:book_pile_horizontal":2,"minecraft:deepslate_redstone_ore":52,"thestarvedstalker:hungering_soil":3,"minecraft:red_bed":1,"minecraft:crafting_table":3,"minecraft:note_block":2,"minecraft:torch":13,"minecraft:campfire":1,"minecraft:cobblestone":30,"minecraft:copper_ore":47,"minecraft:deepslate_gold_ore":22,"minecraft:oak_planks":10,"minecraft:diorite":117,"minecraft:wall_torch":5,"farmersdelight:wild_beetroots":13,"minecraft:birch_planks":3,"minecraft:chain":5,"minecraft:gray_wool":16,"farmersdelight:sandy_shrub":9,"minecraft:birch_log":3,"minecraft:birch_trapdoor":1,"minecraft:birch_leaves":1,"minecraft:stone_brick_stairs":2,"minecraft:grass":6,"minecraft:coal_ore":117,"minecraft:gravel":32,"minecraft:sand":15,"minecraft:dirt":16,"minecraft:oak_leaves":15,"minecraft:deepslate":4447},"minecraft:picked_up":{"minecraft:charcoal":2,"minecraft:crafting_table":3,"born_in_chaos_v1:diamond_termite_shard":7,"minecraft:stone_brick_stairs":2,"minecraft:chain":5,"born_in_chaos_v1:black_argillite":6,"minecraft:string":1,"minecraft:red_bed":1,"minecraft:raw_copper":275,"butchersdelight:dead_cow":4,"minecraft:beetroot":6,"minecraft:sea_pickle":1,"minecraft:cobbled_deepslate":4962,"minecraft:bucket":1,"minecraft:spruce_planks":1,"minecraft:birch_sapling":7,"minecraft:stick":22,"minecraft:raw_iron":146,"minecraft:birch_trapdoor":1,"minecraft:torch":74,"minecraft:note_block":2,"tombstone:grave_dust":1,"minecraft:diorite":114,"minecraft:redstone":339,"born_in_chaos_v1:pieceofdarkmetal":2,"butchersdelight:deadsheep":4,"minecraft:arrow":4,"minecraft:rotten_flesh":79,"minecraft:beetroot_seeds":15,"undead_revamp2:arapholia":1,"minecraft:white_wool":3,"minecraft:cobblestone":1247,"born_in_chaos_v1:fused_bone":1,"minecraft:birch_log":16,"born_in_chaos_v1:corpse_maggot":3,"minecraft:birch_slab":1,"minecraft:andesite":37,"minecraft:birch_planks":2,"butchersdelight:deadpig":3,"minecraft:flint":2,"minecraft:tuff":373,"minecraft:oak_log":57,"minecraft:dirt":24,"minecraft:lantern":4,"butchersdelight:deadchiken":1,"minecraft:bone":1,"minecraft:apple":22,"minecraft:bow":1,"minecraft:wheat_seeds":1,"minecraft:raw_gold":47,"minecraft:stone_pickaxe":5,"thestarvedstalker:hungering_soil":3,"minecraft:oak_planks":10,"minecraft:book":2,"minecraft:pumpkin":3,"minecraft:gray_glazed_terracotta":4,"minecraft:gravel":34,"minecraft:sand":32,"minecraft:white_bed":1,"minecraft:green_carpet":27,"minecraft:spider_eye":1,"minecraft:mossy_cobblestone":6,"minecraft:diamond":144,"minecraft:granite":46,"minecraft:gray_wool":16,"onlyhammersandexcavators:stone_hammer":2,"minecraft:bread":2,"minecraft:oak_sapling":28,"minecraft:coal":189},"minecraft:killed_by":{"minecraft:player":1,"minecraft:creeper":1,"endofherobrine:lurker":1,"goat_man:goat_man":2,"endofherobrine:sheep":1,"sanitydim:rotting_stalker":1,"mimicer:mimicer":2,"sanitydim:sneaking_terror":1},"minecraft:custom":{"minecraft:mob_kills":34,"minecraft:interact_with_crafting_table":21,"minecraft:leave_game":10,"minecraft:time_since_death":18514,"minecraft:climb_one_cm":2024,"minecraft:damage_resisted":10,"minecraft:sprint_one_cm":483685,"minecraft:walk_one_cm":338197,"minecraft:drop":62,"minecraft:play_noteblock":7,"minecraft:talked_to_villager":4,"minecraft:play_time":622689,"minecraft:deaths":36,"minecraft:sneak_time":61680,"minecraft:walk_under_water_one_cm":26183,"minecraft:jump":1866,"minecraft:walk_on_water_one_cm":23929,"minecraft:total_world_time":622689,"minecraft:interact_with_furnace":1,"minecraft:tune_noteblock":2,"minecraft:sleep_in_bed":7,"minecraft:time_since_rest":16115,"minecraft:damage_taken":9520,"minecraft:damage_absorbed":40,"tombstone:sneak_grave":1,"minecraft:damage_dealt":9639,"minecraft:fly_one_cm":1114683,"minecraft:swim_one_cm":27309,"minecraft:open_chest":123,"minecraft:crouch_one_cm":92140,"tombstone:undead_killed":14,"minecraft:fall_one_cm":47472},"minecraft:broken":{"minecraft:stone_sword":1,"minecraft:wooden_pickaxe":1,"minecraft:stone_pickaxe":6,"onlyhammersandexcavators:stone_hammer":9,"minecraft:wooden_axe":1},"minecraft:killed":{"undead_revamp2:theimmortal":1,"minecraft:spider":1,"undead_revamp2:thesmoker":1,"born_in_chaos_v1:maggot":3,"minecraft:skeleton":2,"undead_revamp2:sucker":1,"born_in_chaos_v1:diamond_termite":9,"man:managgresive":1,"minecraft:sheep":3,"minecraft:zombie":9,"endofherobrine:sheep":1,"endofherobrine:pigman":1},"minecraft:crafted":{"minecraft:oak_planks":172,"minecraft:stone_shovel":1,"minecraft:birch_slab":6,"minecraft:stone_pickaxe":15,"minecraft:chest":10,"onlyhammersandexcavators:stone_hammer":18,"minecraft:oak_slab":6,"minecraft:crafting_table":2,"minecraft:wooden_pickaxe":1,"minecraft:birch_planks":52,"minecraft:stone_axe":2,"minecraft:stick":140,"minecraft:wooden_axe":1,"minecraft:birch_trapdoor":2,"minecraft:stone_sword":2,"minecraft:white_bed":1,"minecraft:torch":264},"minecraft:dropped":{"minecraft:oak_slab":5,"minecraft:wheat_seeds":1,"minecraft:cobblestone":11,"minecraft:dirt":2,"minecraft:diorite":56,"minecraft:torch":84,"minecraft:bucket":1,"minecraft:cobbled_deepslate":2245,"onlyhammersandexcavators:stone_hammer":5,"minecraft:tuff":41,"minecraft:beetroot":3,"minecraft:andesite":12,"born_in_chaos_v1:corpse_maggot":2,"minecraft:stone_pickaxe":6}},"DataVersion":3120}