{"stats":{"minecraft:mined":{"minecraft:tuff":22,"minecraft:white_bed":1,"minecraft:gray_concrete":3,"minecraft:gray_glazed_terracotta":3,"minecraft:glow_lichen":1,"minecraft:torch":3,"minecraft:wall_torch":2,"supplementaries:urn":1,"minecraft:smooth_stone":3,"minecraft:iron_ore":5,"minecraft:cobbled_deepslate":59,"minecraft:deepslate_lapis_ore":4,"minecraft:deepslate_iron_ore":2,"minecraft:gravel":22,"minecraft:dirt":1,"minecraft:green_carpet":2,"minecraft:polished_blackstone":4,"minecraft:stone":2,"minecraft:oak_leaves":106,"minecraft:deepslate":1687},"minecraft:killed_by":{"apollyon:the_damned":1,"born_in_chaos_v1:diamond_termite":1,"minecraft:skeleton":3,"goat_man:goat_man":1,"cave_dweller:cave_dweller":2,"irritator:irritator":1,"kim_dweller:kim_dweller":1,"born_in_chaos_v1:door_knight":1,"mimicer:mimicer":4},"minecraft:killed":{"undead_revamp2:thewolf":1,"born_in_chaos_v1:diamond_termite":1,"minecraft:skeleton":2},"minecraft:broken":{"minecraft:stone_pickaxe":1,"onlyhammersandexcavators:stone_hammer":3},"minecraft:crafted":{"toughasnails:leaf_boots":1,"toughasnails:leaf_chestplate":1,"minecraft:furnace":1,"minecraft:bucket":1,"toughasnails:leaf_leggings":1,"minecraft:glass":1,"minecraft:iron_ingot":5,"toughasnails:leaf_helmet":1,"minecraft:shears":1},"minecraft:dropped":{"onlyhammersandexcavators:stone_hammer":2,"minecraft:cobbled_deepslate":262,"minecraft:torch":35,"minecraft:stone_pickaxe":1,"minecraft:bucket":2},"minecraft:used":{"minecraft:water_bucket":1,"minecraft:stone_pickaxe":163,"minecraft:polished_blackstone":2,"minecraft:redstone":126,"minecraft:torch":101,"minecraft:white_bed":1,"minecraft:gray_concrete":3,"minecraft:tuff":1,"minecraft:shears":106,"minecraft:redstone_torch":15,"minecraft:glass":1,"minecraft:lever":1,"minecraft:gravel":2,"minecraft:deepslate":74,"onlyhammersandexcavators:stone_hammer":1922,"minecraft:repeater":25,"minecraft:green_carpet":1,"minecraft:gray_glazed_terracotta":2,"minecraft:furnace":1,"minecraft:bucket":1,"tombstone:gift":3,"minecraft:cobbled_deepslate":261,"minecraft:observer":20},"minecraft:custom":{"minecraft:interact_with_furnace":6,"minecraft:mob_kills":3,"minecraft:interact_with_crafting_table":4,"minecraft:damage_dealt_resisted":625,"minecraft:leave_game":10,"minecraft:time_since_death":67416,"minecraft:sleep_in_bed":3,"minecraft:climb_one_cm":856,"minecraft:time_since_rest":60891,"minecraft:sprint_one_cm":116420,"minecraft:damage_taken":5162,"minecraft:walk_one_cm":292279,"minecraft:drop":12,"minecraft:damage_dealt":778,"minecraft:swim_one_cm":660,"minecraft:talked_to_villager":2,"minecraft:player_kills":2,"minecraft:fly_one_cm":146614,"minecraft:open_chest":15,"minecraft:crouch_one_cm":4183,"minecraft:play_time":270073,"tombstone:undead_killed":3,"minecraft:deaths":19,"minecraft:sneak_time":1472,"minecraft:walk_under_water_one_cm":2930,"minecraft:jump":799,"minecraft:walk_on_water_one_cm":8198,"minecraft:total_world_time":270073,"minecraft:fall_one_cm":10805,"minecraft:inspect_dispenser":1},"minecraft:picked_up":{"undead_revamp2:bostroxingot":1,"born_in_chaos_v1:diamond_termite_shard":1,"minecraft:andesite":12,"minecraft:birch_planks":1,"minecraft:tuff":61,"minecraft:gray_concrete":3,"minecraft:lapis_lazuli":29,"minecraft:dirt":1,"tombstone:gift":1,"minecraft:bone":9,"minecraft:cobbled_deepslate":1929,"minecraft:smooth_stone":3,"minecraft:bucket":2,"minecraft:stone_pickaxe":5,"minecraft:redstone_torch":1,"minecraft:raw_iron":7,"minecraft:gray_glazed_terracotta":2,"minecraft:torch":136,"minecraft:gravel":2,"tombstone:grave_dust":2,"minecraft:diorite":56,"minecraft:white_bed":1,"born_in_chaos_v1:pieceofdarkmetal":1,"minecraft:redstone":5,"minecraft:green_carpet":2,"minecraft:arrow":1,"minecraft:rotten_flesh":2,"onlyhammersandexcavators:stone_hammer":5,"minecraft:polished_blackstone":4,"minecraft:dark_oak_wood":2,"minecraft:coal":2,"minecraft:oak_leaves":96,"minecraft:cobblestone":15}},"DataVersion":3120}