{"stats":{"minecraft:dropped":{"onlyhammersandexcavators:stone_hammer":2,"minecraft:cobbled_deepslate":262,"minecraft:torch":35,"minecraft:stone_pickaxe":1,"minecraft:bucket":2},"minecraft:killed_by":{"sanitydim:sneaking_terror":1,"apollyon:the_damned":1,"minecraft:player":1,"born_in_chaos_v1:diamond_termite":1,"minecraft:skeleton":3,"goat_man:goat_man":1,"cave_dweller:cave_dweller":2,"irritator:irritator":1,"sanitydim:rotting_stalker":2,"kim_dweller:kim_dweller":1,"born_in_chaos_v1:door_knight":1,"mimicer:mimicer":4},"minecraft:custom":{"minecraft:interact_with_furnace":11,"minecraft:mob_kills":8,"minecraft:interact_with_crafting_table":4,"minecraft:tune_noteblock":2,"minecraft:damage_dealt_resisted":625,"minecraft:leave_game":26,"minecraft:time_since_death":16847,"minecraft:sleep_in_bed":3,"minecraft:climb_one_cm":2139,"minecraft:damage_resisted":38020,"minecraft:time_since_rest":16792,"minecraft:sprint_one_cm":125441,"minecraft:damage_taken":11074,"minecraft:walk_one_cm":380320,"minecraft:drop":12,"minecraft:damage_dealt":14737,"minecraft:player_kills":2,"minecraft:swim_one_cm":660,"minecraft:talked_to_villager":2,"minecraft:fly_one_cm":415816,"minecraft:open_chest":28,"minecraft:crouch_one_cm":4310,"minecraft:play_time":438578,"tombstone:undead_killed":3,"minecraft:deaths":26,"minecraft:sneak_time":2255,"minecraft:walk_under_water_one_cm":4547,"minecraft:jump":1200,"minecraft:walk_on_water_one_cm":9671,"minecraft:total_world_time":438578,"minecraft:fall_one_cm":28533,"minecraft:inspect_dispenser":5},"minecraft:crafted":{"toughasnails:leaf_boots":1,"toughasnails:leaf_chestplate":1,"minecraft:furnace":1,"minecraft:bucket":1,"toughasnails:leaf_leggings":1,"minecraft:glass":1,"minecraft:iron_ingot":5,"toughasnails:leaf_helmet":1,"minecraft:shears":1},"minecraft:mined":{"minecraft:tuff":22,"minecraft:white_bed":3,"minecraft:gray_concrete":3,"minecraft:gray_glazed_terracotta":3,"minecraft:glow_lichen":1,"minecraft:torch":3,"minecraft:campfire":1,"minecraft:tall_grass":2,"minecraft:wall_torch":2,"supplementaries:urn":1,"minecraft:smooth_stone":3,"minecraft:iron_ore":5,"minecraft:cobbled_deepslate":59,"minecraft:deepslate_lapis_ore":4,"minecraft:grass":2,"minecraft:deepslate_iron_ore":2,"minecraft:gravel":22,"minecraft:dirt":1,"minecraft:green_carpet":2,"minecraft:polished_blackstone":4,"minecraft:stone":2,"minecraft:oak_leaves":106,"minecraft:deepslate":1687},"minecraft:broken":{"minecraft:stone_pickaxe":1,"toughasnails:leaf_leggings":1,"onlyhammersandexcavators:stone_hammer":3,"toughasnails:leaf_boots":2,"toughasnails:leaf_chestplate":1,"toughasnails:leaf_helmet":2},"minecraft:picked_up":{"undead_revamp2:bostroxingot":1,"minecraft:charcoal":2,"born_in_chaos_v1:diamond_termite_shard":1,"minecraft:andesite":12,"minecraft:birch_planks":1,"minecraft:tuff":61,"minecraft:gray_concrete":3,"minecraft:lapis_lazuli":29,"minecraft:dirt":1,"minecraft:lantern":1,"tombstone:gift":1,"minecraft:glass":7,"minecraft:bone":9,"minecraft:wheat_seeds":2,"minecraft:cobbled_deepslate":1929,"minecraft:smooth_stone":3,"minecraft:bucket":2,"minecraft:stone_pickaxe":5,"minecraft:redstone_torch":1,"minecraft:raw_iron":7,"minecraft:gray_glazed_terracotta":2,"minecraft:torch":136,"minecraft:gravel":2,"minecraft:sand":3,"tombstone:grave_dust":2,"minecraft:diorite":56,"minecraft:white_bed":3,"born_in_chaos_v1:pieceofdarkmetal":1,"minecraft:redstone":14,"minecraft:green_carpet":2,"minecraft:arrow":1,"minecraft:rotten_flesh":2,"onlyhammersandexcavators:stone_hammer":5,"minecraft:polished_blackstone":4,"minecraft:dark_oak_wood":2,"minecraft:coal":2,"minecraft:oak_leaves":96,"minecraft:cobblestone":15},"minecraft:killed":{"undead_revamp2:thewolf":1,"born_in_chaos_v1:diamond_termite":1,"sanitydim:rotting_stalker":1,"sanitydim:sneaking_terror":1,"minecraft:skeleton":2,"creeping_x:creeping_x":1},"minecraft:used":{"minecraft:water_bucket":1,"minecraft:flint_and_steel":1,"minecraft:birch_planks":1,"minecraft:stone_pickaxe":167,"minecraft:polished_andesite":1,"minecraft:polished_blackstone":5,"minecraft:redstone":143,"minecraft:brown_concrete":2,"spartanweaponry:dynamite":9,"minecraft:torch":101,"minecraft:tnt":65,"minecraft:white_bed":2,"minecraft:campfire":1,"minecraft:gray_concrete":10,"minecraft:tuff":1,"minecraft:shears":106,"minecraft:redstone_torch":15,"minecraft:glass":7,"minecraft:lever":1,"thestarvedstalker:the_starved_stalker_spawn_egg":1,"minecraft:command_block":6,"minecraft:lantern":24,"eeeabsmobs:netherworld_katana":6,"minecraft:deepslate":105,"minecraft:gravel":2,"onlyhammersandexcavators:stone_hammer":1922,"minecraft:repeater":32,"minecraft:green_carpet":1,"minecraft:gray_glazed_terracotta":2,"minecraft:furnace":2,"minecraft:dark_oak_fence":4,"minecraft:andesite":3,"minecraft:andesite_stairs":2,"minecraft:bucket":1,"tombstone:gift":6,"minecraft:cobbled_deepslate":265,"minecraft:observer":20}},"DataVersion":3120}