{"stats":{"minecraft:broken":{"toughasnails:leaf_leggings":1,"toughasnails:leaf_boots":3,"toughasnails:leaf_chestplate":1,"minecraft:stone_pickaxe":1,"onlyhammersandexcavators:stone_hammer":3,"toughasnails:leaf_helmet":3},"minecraft:used":{"minecraft:stone_sword":15,"minecraft:flint_and_steel":1,"minecraft:redstone":143,"minecraft:polished_blackstone":5,"minecraft:iron_sword":101,"minecraft:brown_concrete":2,"minecraft:torch":102,"minecraft:tuff":1,"minecraft:glass":7,"born_in_chaos_v1:corpse_maggot":18,"thestarvedstalker:the_starved_stalker_spawn_egg":1,"minecraft:lantern":24,"onlyhammersandexcavators:stone_hammer":1922,"minecraft:repeater":32,"minecraft:gray_glazed_terracotta":2,"minecraft:furnace":2,"tombstone:gift":8,"minecraft:cobbled_deepslate":265,"minecraft:observer":20,"minecraft:water_bucket":2,"minecraft:birch_planks":1,"minecraft:stone_pickaxe":167,"minecraft:polished_andesite":1,"spartanweaponry:dynamite":9,"minecraft:golden_apple":2,"minecraft:tnt":65,"minecraft:red_bed":10,"minecraft:white_bed":6,"minecraft:campfire":1,"minecraft:gray_concrete":10,"minecraft:shears":106,"minecraft:redstone_torch":15,"minecraft:oak_log":4,"minecraft:lever":1,"minecraft:command_block":6,"eeeabsmobs:netherworld_katana":6,"spartanweaponry:stone_boomerang":21,"minecraft:deepslate":105,"minecraft:gravel":2,"minecraft:green_carpet":1,"minecraft:dark_oak_fence":4,"minecraft:andesite":3,"minecraft:andesite_stairs":2,"minecraft:bucket":2},"minecraft:dropped":{"minecraft:wheat_seeds":8,"minecraft:torch":35,"minecraft:birch_log":2,"minecraft:bucket":2,"onlyhammersandexcavators:stone_hammer":2,"minecraft:cobbled_deepslate":262,"minecraft:stone_pickaxe":1},"minecraft:killed_by":{"minecraft:player":1,"hordes:husk_player":1,"goat_man:goat_man":1,"sanitydim:rotting_stalker":3,"mimicer:mimicer":4,"sanitydim:sneaking_terror":1,"apollyon:the_damned":2,"born_in_chaos_v1:diamond_termite":1,"undead_revamp2:therod":1,"minecraft:skeleton":3,"minecraft:zombie":2,"cave_dweller:cave_dweller":2,"kim_dweller:kim_dweller":1,"irritator:irritator":1,"born_in_chaos_v1:door_knight":1},"minecraft:mined":{"minecraft:tuff":22,"minecraft:white_bed":6,"minecraft:gray_glazed_terracotta":3,"minecraft:glow_lichen":1,"minecraft:grass_block":19,"minecraft:smooth_stone":3,"minecraft:iron_ore":5,"minecraft:cobbled_deepslate":59,"minecraft:deepslate_lapis_ore":4,"minecraft:deepslate_iron_ore":2,"minecraft:green_carpet":2,"minecraft:stone":2,"minecraft:gray_concrete":3,"minecraft:torch":3,"minecraft:campfire":1,"appletreesrev:apple_plant":5,"minecraft:tall_grass":9,"minecraft:wall_torch":2,"supplementaries:urn":1,"minecraft:grass":59,"minecraft:gravel":22,"minecraft:dirt":1,"minecraft:gray_carpet":1,"minecraft:cobweb":12,"minecraft:polished_blackstone":4,"minecraft:oak_leaves":107,"minecraft:deepslate":1687},"minecraft:picked_up":{"toughasnails:leaf_leggings":1,"undead_revamp2:bostroxingot":1,"minecraft:charcoal":2,"born_in_chaos_v1:diamond_termite_shard":1,"minecraft:wheat":9,"minecraft:enchanted_book":5,"minecraft:string":12,"minecraft:cobbled_deepslate":1929,"minecraft:smooth_stone":3,"minecraft:bucket":2,"toughasnails:leaf_boots":1,"minecraft:redstone_torch":1,"born_in_chaos_v1:gnawed_bones":4,"minecraft:poppy":4,"minecraft:stick":114,"minecraft:raw_iron":7,"minecraft:torch":137,"tombstone:grave_dust":32,"minecraft:diorite":56,"born_in_chaos_v1:pieceofdarkmetal":4,"minecraft:redstone":14,"minecraft:stone_sword":6,"minecraft:arrow":4,"minecraft:rotten_flesh":219,"minecraft:polished_blackstone":4,"undead_revamp2:arapholia":4,"minecraft:cobblestone":103,"born_in_chaos_v1:fused_bone":8,"minecraft:birch_log":5,"born_in_chaos_v1:corpse_maggot":86,"minecraft:andesite":12,"minecraft:water_bucket":3,"thestarvedstalker:starved_tooth":4,"toughasnails:leaf_helmet":2,"minecraft:birch_planks":1,"minecraft:tuff":61,"minecraft:oak_log":10,"minecraft:lapis_lazuli":29,"minecraft:gray_concrete":3,"minecraft:dirt":55,"minecraft:lantern":1,"tombstone:gift":6,"born_in_chaos_v1:monster_skin":2,"minecraft:glass":10,"minecraft:bone":26,"minecraft:apple":7,"minecraft:wheat_seeds":29,"minecraft:iron_ingot":9,"minecraft:stone_pickaxe":8,"tombstone:bag_of_seeds":1,"minecraft:iron_sword":1,"toughasnails:leaf_chestplate":3,"minecraft:gray_glazed_terracotta":2,"born_in_chaos_v1:ethereal_spirit":4,"minecraft:gravel":2,"minecraft:sand":3,"minecraft:white_bed":7,"minecraft:green_carpet":2,"minecraft:bundle":1,"minecraft:slime_ball":15,"butchersdelight:deadllama":2,"onlyhammersandexcavators:stone_hammer":5,"tombstone:magic_scroll":2,"minecraft:dark_oak_wood":2,"minecraft:coal":2,"minecraft:oak_leaves":164},"minecraft:killed":{"undead_revamp2:thewolf":1,"undead_revamp2:thehunter":1,"born_in_chaos_v1:restless_spirit":1,"born_in_chaos_v1:zombie_lumberjack":1,"sanitydim:rotting_stalker":4,"undead_revamp2:thesmoker":1,"minecraft:zombie_horse":1,"sanitydim:sneaking_terror":3,"born_in_chaos_v1:siamese_skeletonsright":1,"born_in_chaos_v1:zombie_bruiser":3,"born_in_chaos_v1:maggot":16,"minecraft:skeleton":4,"the_knocker:knocker":1,"the_knocker:knockerstalklooked":1,"hordes:husk_player":1,"undead_revamp2:thepregnant":1,"undead_revamp2:sucker":2,"born_in_chaos_v1:siamese_skeletons":1,"thestarvedstalker:the_starved_stalker_aggro":1,"minecraft:zombie_villager":5,"born_in_chaos_v1:diamond_termite":1,"born_in_chaos_v1:baby_skeleton":2,"man:managgresive":2,"born_in_chaos_v1:swarmer":2,"undead_revamp2:the_moonflower":7,"minecraft:creeper":1,"born_in_chaos_v1:decrepit_skeleton":1,"born_in_chaos_v1:decaying_zombie":1,"minecraft:zombie":79,"born_in_chaos_v1:dread_hound":2,"born_in_chaos_v1:corpse_fly":13,"apollyon:the_damned":1,"born_in_chaos_v1:siamese_skeletonsleft":1},"minecraft:custom":{"minecraft:mob_kills":165,"minecraft:interact_with_crafting_table":9,"minecraft:damage_dealt_resisted":3765,"minecraft:leave_game":26,"minecraft:time_since_death":4467,"minecraft:climb_one_cm":3463,"minecraft:damage_resisted":56740,"minecraft:sprint_one_cm":195563,"minecraft:walk_one_cm":539760,"minecraft:drop":15,"minecraft:talked_to_villager":3,"minecraft:play_time":510054,"minecraft:deaths":36,"minecraft:sneak_time":4963,"minecraft:walk_under_water_one_cm":5252,"minecraft:jump":2024,"minecraft:walk_on_water_one_cm":20389,"minecraft:total_world_time":510054,"minecraft:interact_with_furnace":11,"minecraft:tune_noteblock":3,"minecraft:sleep_in_bed":3,"minecraft:time_since_rest":4251,"minecraft:damage_taken":16152,"minecraft:damage_absorbed":80,"minecraft:damage_dealt":71840,"tombstone:cast_on_ally":1,"minecraft:swim_one_cm":2564,"minecraft:fly_one_cm":518175,"minecraft:player_kills":2,"minecraft:open_chest":52,"minecraft:crouch_one_cm":7517,"tombstone:undead_killed":116,"minecraft:fall_one_cm":107937,"minecraft:inspect_dispenser":5},"minecraft:crafted":{"minecraft:furnace":1,"toughasnails:leaf_leggings":3,"minecraft:glass":1,"toughasnails:leaf_helmet":3,"toughasnails:leaf_boots":2,"toughasnails:leaf_chestplate":2,"minecraft:bucket":1,"minecraft:iron_ingot":5,"minecraft:stone_sword":3,"minecraft:shears":1}},"DataVersion":3120}