{"stats":{"minecraft:used":{"minecraft:torch":12,"minecraft:stone_pickaxe":17,"tombstone:gift":1,"minecraft:tuff":1,"minecraft:cobbled_deepslate":125,"onlyhammersandexcavators:stone_hammer":623,"minecraft:gravel":2},"minecraft:mined":{"minecraft:tuff":1,"minecraft:cobbled_deepslate":22,"minecraft:deepslate":552,"minecraft:torch":2},"minecraft:picked_up":{"minecraft:torch":36,"minecraft:cobbled_deepslate":1733,"minecraft:gravel":2,"minecraft:stone_pickaxe":5,"minecraft:tuff":43,"onlyhammersandexcavators:stone_hammer":5},"minecraft:killed_by":{"minecraft:skeleton":1,"mimicer:mimicer":1,"cave_dweller:cave_dweller":2,"kim_dweller:kim_dweller":1},"minecraft:custom":{"minecraft:time_since_rest":11114,"minecraft:open_chest":1,"minecraft:crouch_one_cm":2662,"minecraft:play_time":85641,"minecraft:sprint_one_cm":52791,"minecraft:walk_one_cm":97282,"minecraft:damage_taken":1315,"minecraft:deaths":5,"minecraft:sneak_time":469,"minecraft:walk_under_water_one_cm":559,"minecraft:drop":3,"minecraft:jump":235,"minecraft:damage_dealt":-47,"minecraft:leave_game":8,"minecraft:walk_on_water_one_cm":5741,"minecraft:time_since_death":12221,"minecraft:sleep_in_bed":1,"minecraft:total_world_time":85641,"minecraft:player_kills":1,"minecraft:talked_to_villager":2,"minecraft:fall_one_cm":689,"minecraft:fly_one_cm":94009},"minecraft:broken":{"onlyhammersandexcavators:stone_hammer":1},"minecraft:dropped":{"minecraft:stone_pickaxe":1,"onlyhammersandexcavators:stone_hammer":2}},"DataVersion":3120}