{"stats":{"minecraft:dropped":{"minecraft:torch":35,"minecraft:birch_log":2,"minecraft:bucket":2,"onlyhammersandexcavators:stone_hammer":2,"minecraft:cobbled_deepslate":262,"minecraft:stone_pickaxe":1},"minecraft:killed_by":{"minecraft:player":1,"goat_man:goat_man":1,"sanitydim:rotting_stalker":2,"mimicer:mimicer":4,"sanitydim:sneaking_terror":1,"apollyon:the_damned":1,"born_in_chaos_v1:diamond_termite":1,"minecraft:skeleton":3,"kim_dweller:kim_dweller":1,"cave_dweller:cave_dweller":2,"irritator:irritator":1,"born_in_chaos_v1:door_knight":1},"minecraft:custom":{"minecraft:mob_kills":60,"minecraft:interact_with_crafting_table":4,"minecraft:damage_dealt_resisted":625,"minecraft:leave_game":26,"minecraft:time_since_death":5327,"minecraft:climb_one_cm":2139,"minecraft:damage_resisted":54810,"minecraft:sprint_one_cm":126691,"minecraft:walk_one_cm":423360,"minecraft:drop":14,"minecraft:talked_to_villager":2,"minecraft:play_time":450578,"minecraft:deaths":27,"minecraft:sneak_time":2255,"minecraft:walk_under_water_one_cm":4547,"minecraft:jump":1481,"minecraft:walk_on_water_one_cm":9671,"minecraft:total_world_time":450578,"minecraft:interact_with_furnace":11,"minecraft:tune_noteblock":2,"minecraft:sleep_in_bed":3,"minecraft:time_since_rest":5166,"minecraft:damage_taken":11924,"minecraft:damage_dealt":38816,"minecraft:fly_one_cm":432417,"minecraft:swim_one_cm":660,"minecraft:player_kills":2,"minecraft:open_chest":28,"minecraft:crouch_one_cm":4310,"tombstone:undead_killed":32,"minecraft:fall_one_cm":35317,"minecraft:inspect_dispenser":5},"minecraft:crafted":{"minecraft:furnace":1,"toughasnails:leaf_leggings":1,"minecraft:glass":1,"toughasnails:leaf_helmet":1,"toughasnails:leaf_boots":1,"toughasnails:leaf_chestplate":1,"minecraft:bucket":1,"minecraft:iron_ingot":5,"minecraft:shears":1},"minecraft:mined":{"minecraft:tuff":22,"minecraft:white_bed":6,"minecraft:gray_glazed_terracotta":3,"minecraft:glow_lichen":1,"minecraft:grass_block":10,"minecraft:smooth_stone":3,"minecraft:iron_ore":5,"minecraft:cobbled_deepslate":59,"minecraft:deepslate_lapis_ore":4,"minecraft:deepslate_iron_ore":2,"minecraft:green_carpet":2,"minecraft:stone":2,"minecraft:gray_concrete":3,"minecraft:torch":3,"minecraft:campfire":1,"minecraft:tall_grass":4,"minecraft:wall_torch":2,"supplementaries:urn":1,"minecraft:grass":55,"minecraft:gravel":22,"minecraft:dirt":1,"minecraft:polished_blackstone":4,"minecraft:oak_leaves":106,"minecraft:deepslate":1687},"minecraft:broken":{"toughasnails:leaf_leggings":1,"toughasnails:leaf_boots":2,"toughasnails:leaf_chestplate":1,"minecraft:stone_pickaxe":1,"onlyhammersandexcavators:stone_hammer":3,"toughasnails:leaf_helmet":2},"minecraft:picked_up":{"undead_revamp2:bostroxingot":1,"minecraft:charcoal":2,"born_in_chaos_v1:diamond_termite_shard":1,"minecraft:wheat":3,"minecraft:enchanted_book":1,"minecraft:smooth_stone":3,"minecraft:cobbled_deepslate":1929,"minecraft:bucket":2,"minecraft:redstone_torch":1,"born_in_chaos_v1:gnawed_bones":4,"minecraft:stick":40,"minecraft:raw_iron":7,"minecraft:torch":136,"tombstone:grave_dust":9,"minecraft:diorite":56,"born_in_chaos_v1:pieceofdarkmetal":1,"minecraft:redstone":14,"minecraft:rotten_flesh":57,"minecraft:arrow":2,"minecraft:polished_blackstone":4,"undead_revamp2:arapholia":2,"minecraft:cobblestone":15,"born_in_chaos_v1:fused_bone":4,"minecraft:birch_log":3,"born_in_chaos_v1:corpse_maggot":22,"minecraft:water_bucket":1,"minecraft:andesite":12,"thestarvedstalker:starved_tooth":2,"minecraft:birch_planks":1,"minecraft:tuff":61,"minecraft:oak_log":2,"minecraft:lapis_lazuli":29,"minecraft:gray_concrete":3,"minecraft:dirt":1,"minecraft:lantern":1,"tombstone:gift":2,"born_in_chaos_v1:monster_skin":2,"minecraft:glass":8,"minecraft:bone":15,"minecraft:wheat_seeds":12,"minecraft:iron_ingot":1,"minecraft:stone_pickaxe":6,"minecraft:gray_glazed_terracotta":2,"born_in_chaos_v1:ethereal_spirit":2,"minecraft:gravel":2,"minecraft:sand":3,"minecraft:white_bed":7,"minecraft:green_carpet":2,"minecraft:slime_ball":5,"onlyhammersandexcavators:stone_hammer":5,"tombstone:magic_scroll":2,"minecraft:dark_oak_wood":2,"minecraft:coal":2,"minecraft:oak_leaves":96},"minecraft:killed":{"undead_revamp2:thewolf":1,"undead_revamp2:thehunter":1,"born_in_chaos_v1:zombie_lumberjack":1,"born_in_chaos_v1:restless_spirit":1,"sanitydim:rotting_stalker":2,"undead_revamp2:thesmoker":1,"sanitydim:sneaking_terror":1,"born_in_chaos_v1:siamese_skeletonsright":1,"born_in_chaos_v1:zombie_bruiser":2,"born_in_chaos_v1:maggot":4,"minecraft:skeleton":4,"the_knocker:knocker":1,"the_knocker:knockerstalklooked":1,"hordes:husk_player":1,"undead_revamp2:thepregnant":1,"undead_revamp2:sucker":2,"born_in_chaos_v1:siamese_skeletons":1,"loud_dweller:loud_dweller":1,"thestarvedstalker:the_starved_stalker_aggro":1,"minecraft:zombie_villager":1,"born_in_chaos_v1:diamond_termite":1,"born_in_chaos_v1:baby_skeleton":1,"man:managgresive":1,"born_in_chaos_v1:swarmer":1,"undead_revamp2:the_moonflower":6,"minecraft:creeper":1,"born_in_chaos_v1:decrepit_skeleton":1,"born_in_chaos_v1:decaying_zombie":1,"minecraft:zombie":4,"born_in_chaos_v1:dread_hound":2,"born_in_chaos_v1:corpse_fly":7,"creeping_x:creeping_x":2,"apollyon:the_damned":1,"born_in_chaos_v1:siamese_skeletonsleft":1},"minecraft:used":{"minecraft:flint_and_steel":1,"minecraft:redstone":143,"minecraft:polished_blackstone":5,"minecraft:brown_concrete":2,"minecraft:torch":101,"minecraft:tuff":1,"minecraft:glass":7,"born_in_chaos_v1:corpse_maggot":2,"thestarvedstalker:the_starved_stalker_spawn_egg":1,"minecraft:lantern":24,"onlyhammersandexcavators:stone_hammer":1922,"minecraft:repeater":32,"minecraft:gray_glazed_terracotta":2,"minecraft:furnace":2,"tombstone:gift":6,"minecraft:cobbled_deepslate":265,"minecraft:observer":20,"minecraft:water_bucket":1,"minecraft:birch_planks":1,"minecraft:polished_andesite":1,"minecraft:stone_pickaxe":167,"spartanweaponry:dynamite":9,"minecraft:tnt":65,"minecraft:campfire":1,"minecraft:white_bed":6,"minecraft:gray_concrete":10,"minecraft:shears":106,"minecraft:redstone_torch":15,"minecraft:lever":1,"minecraft:command_block":6,"eeeabsmobs:netherworld_katana":6,"minecraft:deepslate":105,"minecraft:gravel":2,"minecraft:green_carpet":1,"minecraft:dark_oak_fence":4,"minecraft:bucket":1,"minecraft:andesite_stairs":2,"minecraft:andesite":3}},"DataVersion":3120}