{"stats":{"minecraft:used":{"minecraft:torch":9,"minecraft:stone_pickaxe":17,"tombstone:gift":1,"minecraft:tuff":1,"minecraft:cobbled_deepslate":85,"onlyhammersandexcavators:stone_hammer":440,"minecraft:gravel":2},"minecraft:mined":{"minecraft:tuff":1,"minecraft:cobbled_deepslate":8,"minecraft:deepslate":402,"minecraft:torch":2},"minecraft:picked_up":{"minecraft:torch":35,"minecraft:cobbled_deepslate":855,"minecraft:gravel":2,"minecraft:stone_pickaxe":5,"minecraft:tuff":2,"onlyhammersandexcavators:stone_hammer":4},"minecraft:killed_by":{"minecraft:skeleton":1,"mimicer:mimicer":1,"cave_dweller:cave_dweller":2,"kim_dweller:kim_dweller":1},"minecraft:custom":{"minecraft:time_since_rest":1,"minecraft:open_chest":1,"minecraft:crouch_one_cm":2662,"minecraft:play_time":73641,"minecraft:sprint_one_cm":41851,"minecraft:walk_one_cm":82114,"minecraft:damage_taken":1315,"minecraft:deaths":5,"minecraft:sneak_time":469,"minecraft:walk_under_water_one_cm":559,"minecraft:jump":205,"minecraft:damage_dealt":-47,"minecraft:leave_game":8,"minecraft:walk_on_water_one_cm":5741,"minecraft:time_since_death":221,"minecraft:sleep_in_bed":1,"minecraft:total_world_time":73641,"minecraft:player_kills":1,"minecraft:talked_to_villager":2,"minecraft:fall_one_cm":689,"minecraft:fly_one_cm":86308},"minecraft:broken":{"onlyhammersandexcavators:stone_hammer":1}},"DataVersion":3120}