{"stats":{"minecraft:used":{"minecraft:stone_pickaxe":31,"onlyhammersandexcavators:stone_hammer":1272,"minecraft:gravel":2,"minecraft:torch":32,"tombstone:gift":1,"minecraft:tuff":1,"minecraft:cobbled_deepslate":178},"minecraft:mined":{"minecraft:tuff":1,"minecraft:cobbled_deepslate":45,"minecraft:deepslate_lapis_ore":2,"minecraft:torch":3,"minecraft:deepslate_iron_ore":2,"minecraft:gravel":22,"minecraft:deepslate":1118,"minecraft:wall_torch":1},"minecraft:picked_up":{"minecraft:raw_iron":2,"minecraft:torch":92,"minecraft:gravel":2,"minecraft:tuff":43,"minecraft:lapis_lazuli":16,"minecraft:cobbled_deepslate":1788,"minecraft:stone_pickaxe":5,"onlyhammersandexcavators:stone_hammer":5},"minecraft:killed_by":{"goat_man:goat_man":1,"cave_dweller:cave_dweller":2,"kim_dweller:kim_dweller":1,"minecraft:skeleton":1,"mimicer:mimicer":2},"minecraft:custom":{"minecraft:time_since_rest":928,"minecraft:sprint_one_cm":72490,"minecraft:damage_taken":1810,"minecraft:walk_one_cm":123185,"minecraft:drop":7,"minecraft:damage_dealt":-17,"minecraft:talked_to_villager":2,"minecraft:fly_one_cm":106673,"minecraft:player_kills":1,"minecraft:open_chest":1,"minecraft:crouch_one_cm":2662,"minecraft:play_time":133641,"minecraft:deaths":7,"minecraft:sneak_time":469,"minecraft:walk_under_water_one_cm":559,"minecraft:jump":306,"minecraft:leave_game":8,"minecraft:time_since_death":1237,"minecraft:walk_on_water_one_cm":5741,"minecraft:sleep_in_bed":1,"minecraft:total_world_time":133641,"minecraft:fall_one_cm":689},"minecraft:broken":{"onlyhammersandexcavators:stone_hammer":2},"minecraft:dropped":{"onlyhammersandexcavators:stone_hammer":2,"minecraft:cobbled_deepslate":198,"minecraft:stone_pickaxe":1}},"DataVersion":3120}