{"stats":{"minecraft:used":{"minecraft:stone_pickaxe":147,"minecraft:torch":101,"minecraft:white_bed":1,"minecraft:tuff":1,"minecraft:shears":79,"onlyhammersandexcavators:stone_hammer":1922,"minecraft:gravel":2,"minecraft:green_carpet":1,"minecraft:furnace":1,"minecraft:bucket":1,"tombstone:gift":3,"minecraft:cobbled_deepslate":261},"minecraft:mined":{"minecraft:tuff":22,"minecraft:white_bed":1,"minecraft:torch":3,"minecraft:glow_lichen":1,"minecraft:wall_torch":2,"supplementaries:urn":1,"minecraft:iron_ore":5,"minecraft:cobbled_deepslate":58,"minecraft:deepslate_lapis_ore":4,"minecraft:deepslate_iron_ore":2,"minecraft:gravel":22,"minecraft:green_carpet":1,"minecraft:polished_blackstone":2,"minecraft:stone":2,"minecraft:oak_leaves":79,"minecraft:deepslate":1687},"minecraft:picked_up":{"undead_revamp2:bostroxingot":1,"born_in_chaos_v1:diamond_termite_shard":1,"minecraft:andesite":12,"minecraft:birch_planks":1,"minecraft:tuff":61,"minecraft:lapis_lazuli":29,"tombstone:gift":1,"minecraft:bone":9,"minecraft:cobbled_deepslate":1929,"minecraft:bucket":1,"minecraft:stone_pickaxe":5,"minecraft:raw_iron":7,"minecraft:torch":136,"minecraft:gravel":2,"tombstone:grave_dust":2,"minecraft:diorite":56,"minecraft:white_bed":1,"born_in_chaos_v1:pieceofdarkmetal":1,"minecraft:green_carpet":1,"minecraft:arrow":1,"minecraft:rotten_flesh":2,"onlyhammersandexcavators:stone_hammer":5,"minecraft:polished_blackstone":2,"minecraft:coal":2,"minecraft:oak_leaves":65,"minecraft:cobblestone":15},"minecraft:killed_by":{"apollyon:the_damned":1,"born_in_chaos_v1:diamond_termite":1,"minecraft:skeleton":3,"goat_man:goat_man":1,"cave_dweller:cave_dweller":2,"irritator:irritator":1,"kim_dweller:kim_dweller":1,"born_in_chaos_v1:door_knight":1,"mimicer:mimicer":4},"minecraft:custom":{"minecraft:interact_with_furnace":3,"minecraft:mob_kills":3,"minecraft:interact_with_crafting_table":2,"minecraft:damage_dealt_resisted":625,"minecraft:leave_game":8,"minecraft:time_since_death":2441,"minecraft:sleep_in_bed":2,"minecraft:climb_one_cm":856,"minecraft:time_since_rest":2282,"minecraft:sprint_one_cm":113705,"minecraft:damage_taken":4945,"minecraft:walk_one_cm":222865,"minecraft:drop":11,"minecraft:damage_dealt":768,"minecraft:swim_one_cm":660,"minecraft:player_kills":1,"minecraft:talked_to_villager":2,"minecraft:fly_one_cm":133335,"minecraft:open_chest":12,"minecraft:crouch_one_cm":3634,"minecraft:play_time":175641,"tombstone:undead_killed":3,"minecraft:deaths":18,"minecraft:sneak_time":974,"minecraft:walk_under_water_one_cm":2930,"minecraft:jump":680,"minecraft:walk_on_water_one_cm":7910,"minecraft:total_world_time":175641,"minecraft:fall_one_cm":8403},"minecraft:killed":{"undead_revamp2:thewolf":1,"born_in_chaos_v1:diamond_termite":1,"minecraft:skeleton":2},"minecraft:broken":{"minecraft:stone_pickaxe":1,"onlyhammersandexcavators:stone_hammer":3},"minecraft:crafted":{"minecraft:furnace":1,"minecraft:iron_ingot":2,"minecraft:shears":1},"minecraft:dropped":{"onlyhammersandexcavators:stone_hammer":2,"minecraft:cobbled_deepslate":262,"minecraft:torch":35,"minecraft:stone_pickaxe":1,"minecraft:bucket":1}},"DataVersion":3120}