{"stats":{"minecraft:used":{"tombstone:gift":1},"minecraft:killed_by":{"minecraft:skeleton":1,"cave_dweller:cave_dweller":1,"kim_dweller:kim_dweller":1},"minecraft:custom":{"minecraft:jump":127,"minecraft:open_chest":1,"minecraft:time_since_rest":959,"minecraft:damage_dealt":10,"minecraft:crouch_one_cm":2633,"minecraft:sprint_one_cm":20749,"minecraft:deaths":3,"minecraft:damage_taken":875,"minecraft:leave_game":8,"minecraft:play_time":49641,"minecraft:time_since_death":2798,"minecraft:walk_on_water_one_cm":5741,"minecraft:walk_one_cm":36457,"minecraft:sleep_in_bed":1,"minecraft:sneak_time":461,"minecraft:total_world_time":49641,"minecraft:walk_under_water_one_cm":559,"minecraft:talked_to_villager":2,"minecraft:fall_one_cm":689,"minecraft:fly_one_cm":80147}},"DataVersion":3120}