{"stats":{"minecraft:used":{"minecraft:stone_pickaxe":111,"onlyhammersandexcavators:stone_hammer":1922,"minecraft:gravel":2,"minecraft:torch":68,"tombstone:gift":1,"minecraft:tuff":1,"minecraft:cobbled_deepslate":248},"minecraft:mined":{"minecraft:tuff":22,"minecraft:cobbled_deepslate":55,"minecraft:deepslate_lapis_ore":4,"minecraft:torch":3,"minecraft:deepslate_iron_ore":2,"minecraft:gravel":22,"minecraft:stone":2,"minecraft:deepslate":1687,"minecraft:wall_torch":2},"minecraft:picked_up":{"minecraft:raw_iron":2,"minecraft:torch":96,"minecraft:gravel":2,"minecraft:tuff":61,"tombstone:grave_dust":2,"minecraft:lapis_lazuli":29,"minecraft:bone":1,"minecraft:cobbled_deepslate":1928,"minecraft:stone_pickaxe":5,"onlyhammersandexcavators:stone_hammer":5,"minecraft:coal":2,"minecraft:cobblestone":9},"minecraft:killed_by":{"goat_man:goat_man":1,"cave_dweller:cave_dweller":2,"kim_dweller:kim_dweller":1,"born_in_chaos_v1:door_knight":1,"minecraft:skeleton":2,"mimicer:mimicer":3},"minecraft:custom":{"minecraft:time_since_rest":237,"minecraft:sprint_one_cm":82436,"minecraft:damage_taken":2687,"minecraft:walk_one_cm":168349,"minecraft:mob_kills":1,"minecraft:drop":7,"minecraft:damage_dealt":274,"minecraft:talked_to_villager":2,"minecraft:fly_one_cm":114526,"minecraft:player_kills":1,"minecraft:open_chest":7,"minecraft:crouch_one_cm":2867,"minecraft:play_time":151641,"tombstone:undead_killed":1,"minecraft:deaths":10,"minecraft:sneak_time":557,"minecraft:walk_under_water_one_cm":559,"minecraft:damage_dealt_resisted":593,"minecraft:jump":385,"minecraft:leave_game":8,"minecraft:time_since_death":499,"minecraft:walk_on_water_one_cm":5741,"minecraft:sleep_in_bed":2,"minecraft:total_world_time":151641,"minecraft:fall_one_cm":1714},"minecraft:killed":{"minecraft:skeleton":1},"minecraft:broken":{"minecraft:stone_pickaxe":1,"onlyhammersandexcavators:stone_hammer":3},"minecraft:dropped":{"onlyhammersandexcavators:stone_hammer":2,"minecraft:cobbled_deepslate":198,"minecraft:stone_pickaxe":1}},"DataVersion":3120}